2025-07-28T17:45:18.087355,/consultar,consulta_sincrona,2023,2023,JANEIRO,MARÇO,22.59427499771118,22.592410802841187,0.0,53,True,,,MainThread,Selenium
2025-07-28T17:53:29.856163,/consultar,consulta_sincrona,2023,2023,JANEIRO,MARÇO,18.406708002090454,18.404205322265625,0.0,53,True,,,MainThread,Selenium
2025-07-28T17:56:21.550288,/consultar,consulta_sincrona,2023,2023,JANEIRO,MARÇO,18.11800527572632,18.115761041641235,0.0,53,True,,,MainThread,Selenium
2025-07-28T17:57:00.622460,/consultar,consulta_sincrona,2023,2023,ABRIL,JUNHO,17.99617075920105,17.99434494972229,0.0,45,True,,,MainThread,Selenium
2025-07-28T17:57:26.339714,/consultar,consulta_sincrona,2023,2023,JULHO,SETEMBRO,17.691829442977905,17.690142154693604,0.0,51,True,,,MainThread,Selenium
2025-07-28T17:57:51.848326,/consultar,consulta_sincrona,2022,2022,JANEIRO,JUNHO,17.491904497146606,17.49044919013977,0.0,50,True,,,MainThread,Selenium
2025-07-28T17:58:17.263335,/consultar,consulta_sincrona,2022,2022,JULHO,DEZEMBRO,17.39237380027771,17.390948057174683,0.0,49,True,,,MainThread,Selenium
2025-07-28T17:58:42.712093,/consultar,consulta_sincrona,2021,2021,JANEIRO,DEZEMBRO,17.429329872131348,17.427579641342163,0.0,63,True,,,MainThread,Selenium
2025-07-28T17:59:08.555771,/consultar,consulta_sincrona,2020,2020,JANEIRO,DEZEMBRO,17.82145667076111,17.81989049911499,0.0,57,True,,,MainThread,Selenium
2025-07-28T17:59:41.136495,/consultar,consulta_sincrona,2023,2023,JANEIRO,JANEIRO,24.55806541442871,24.556442737579346,0.0,53,True,,,MainThread,Selenium
2025-07-28T18:00:06.637162,/consultar,consulta_sincrona,2023,2023,JUNHO,JUNHO,17.477323293685913,17.475531816482544,0.0,44,True,,,MainThread,Selenium
2025-07-28T18:01:44.372539,/consultar,consulta_sincrona,2023,2023,JANEIRO,MARÇO,17.753784894943237,17.75165581703186,0.0,53,True,,,MainThread,Selenium
2025-07-28T18:02:21.153230,/consultar,consulta_sincrona,2023,2023,ABRIL,JUNHO,17.554730653762817,17.552589893341064,0.0,45,True,,,MainThread,Selenium
2025-07-28T18:02:46.591120,/consultar,consulta_sincrona,2023,2023,JULHO,SETEMBRO,17.414931535720825,17.413471460342407,0.0,51,True,,,MainThread,Selenium
2025-07-28T18:03:11.999959,/consultar,consulta_sincrona,2022,2022,JANEIRO,JUNHO,17.38721776008606,17.38575005531311,0.0,50,True,,,MainThread,Selenium
2025-07-28T18:03:37.439183,/consultar,consulta_sincrona,2022,2022,JULHO,DEZEMBRO,17.419103622436523,17.417373418807983,0.0,49,True,,,MainThread,Selenium
2025-07-28T18:04:02.940926,/consultar,consulta_sincrona,2021,2021,JANEIRO,DEZEMBRO,17.479630947113037,17.4782497882843,0.0,63,True,,,MainThread,Selenium
2025-07-28T18:04:28.468569,/consultar,consulta_sincrona,2020,2020,JANEIRO,DEZEMBRO,17.50428581237793,17.502493381500244,0.0,57,True,,,MainThread,Selenium
2025-07-28T18:04:53.836010,/consultar,consulta_sincrona,2023,2023,JANEIRO,JANEIRO,17.344579696655273,17.342992544174194,0.0,53,True,,,MainThread,Selenium
2025-07-28T18:05:19.336736,/consultar,consulta_sincrona,2023,2023,JUNHO,JUNHO,17.48102593421936,17.47935676574707,0.0,44,True,,,MainThread,Selenium
2025-07-28T18:05:36.797224,/consultar,consulta_sincrona,2023,2023,JANEIRO,MARÇO,17.445929765701294,17.444121837615967,0.0,53,True,,,MainThread,Selenium
2025-07-28T18:06:02.286919,/consultar,consulta_sincrona,2023,2023,ABRIL,JUNHO,17.471261978149414,17.469459772109985,0.0,45,True,,,MainThread,Selenium
2025-07-28T18:06:27.846620,/consultar,consulta_sincrona,2023,2023,JULHO,SETEMBRO,17.53829050064087,17.536641120910645,0.0,51,True,,,MainThread,Selenium
2025-07-28T18:06:53.360271,/consultar,consulta_sincrona,2022,2022,JANEIRO,JUNHO,17.49151587486267,17.489822149276733,0.0,50,True,,,MainThread,Selenium
2025-07-28T18:07:18.909941,/consultar,consulta_sincrona,2022,2022,JULHO,DEZEMBRO,17.5329749584198,17.531460762023926,0.0,49,True,,,MainThread,Selenium
2025-07-28T18:07:42.751296,/consultar,consulta_sincrona,2021,2021,JANEIRO,DEZEMBRO,17.479463815689087,17.477893352508545,0.0,63,True,,,MainThread,Selenium
2025-07-28T18:08:08.677154,/consultar,consulta_sincrona,2020,2020,JANEIRO,DEZEMBRO,17.90303635597229,17.901572465896606,0.0,57,True,,,MainThread,Selenium
2025-07-28T18:08:34.102115,/consultar,consulta_sincrona,2023,2023,JANEIRO,JANEIRO,17.40026044845581,17.398390531539917,0.0,53,True,,,MainThread,Selenium
2025-07-28T18:08:59.542791,/consultar,consulta_sincrona,2023,2023,JUNHO,JUNHO,17.41875648498535,17.417214155197144,0.0,44,True,,,MainThread,Selenium
2025-07-28T18:09:17.138060,/consultar,consulta_sincrona,2023,2023,JANEIRO,MARÇO,17.581233024597168,17.579394817352295,0.0,53,True,,,MainThread,Selenium
2025-07-28T18:09:42.641963,/consultar,consulta_sincrona,2023,2023,ABRIL,JUNHO,17.481684684753418,17.480145931243896,0.0,45,True,,,MainThread,Selenium
2025-07-28T18:10:08.061818,/consultar,consulta_sincrona,2023,2023,JULHO,SETEMBRO,17.39840292930603,17.396870851516724,0.0,51,True,,,MainThread,Selenium
2025-07-28T18:10:33.495312,/consultar,consulta_sincrona,2022,2022,JANEIRO,JUNHO,17.411777019500732,17.41016721725464,0.0,50,True,,,MainThread,Selenium
2025-07-28T18:10:58.963144,/consultar,consulta_sincrona,2022,2022,JULHO,DEZEMBRO,17.446473360061646,17.44505786895752,0.0,49,True,,,MainThread,Selenium
2025-07-28T18:11:24.838862,/consultar,consulta_sincrona,2021,2021,JANEIRO,DEZEMBRO,17.85202693939209,17.8503999710083,0.0,63,True,,,MainThread,Selenium
2025-07-28T18:11:50.426242,/consultar,consulta_sincrona,2020,2020,JANEIRO,DEZEMBRO,17.557422399520874,17.555705308914185,0.0,57,True,,,MainThread,Selenium
2025-07-28T18:12:19.064488,/consultar,consulta_sincrona,2023,2023,JANEIRO,JANEIRO,20.61618137359619,20.614645957946777,0.0,53,True,,,MainThread,Selenium
2025-07-28T18:12:43.090631,/consultar,consulta_sincrona,2023,2023,JUNHO,JUNHO,16.006376028060913,16.004573822021484,0.0,44,True,,,MainThread,Selenium
2025-07-28T18:13:00.994015,/consultar,consulta_sincrona,2023,2023,JANEIRO,MARÇO,17.890028476715088,17.888336658477783,0.0,53,True,,,MainThread,Selenium
2025-07-28T18:13:26.507149,/consultar,consulta_sincrona,2023,2023,ABRIL,JUNHO,17.4935302734375,17.49205994606018,0.0,45,True,,,MainThread,Selenium
2025-07-28T18:13:51.868122,/consultar,consulta_sincrona,2023,2023,JULHO,SETEMBRO,17.339564085006714,17.338018655776978,0.0,51,True,,,MainThread,Selenium
2025-07-28T18:14:17.804224,/consultar,consulta_sincrona,2022,2022,JANEIRO,JUNHO,17.914030075073242,17.912403345108032,0.0,50,True,,,MainThread,Selenium
2025-07-28T18:14:43.301312,/consultar,consulta_sincrona,2022,2022,JULHO,DEZEMBRO,17.473790645599365,17.472381353378296,0.0,49,True,,,MainThread,Selenium
2025-07-28T18:15:08.635761,/consultar,consulta_sincrona,2021,2021,JANEIRO,DEZEMBRO,17.3163902759552,17.314990282058716,0.0,63,True,,,MainThread,Selenium
2025-07-28T18:15:34.458699,/consultar,consulta_sincrona,2020,2020,JANEIRO,DEZEMBRO,17.798288106918335,17.796879291534424,0.0,57,True,,,MainThread,Selenium
2025-07-28T18:15:59.862637,/consultar,consulta_sincrona,2023,2023,JANEIRO,JANEIRO,17.37986993789673,17.378334045410156,0.0,53,True,,,MainThread,Selenium
2025-07-28T18:16:25.637558,/consultar,consulta_sincrona,2023,2023,JUNHO,JUNHO,17.75714612007141,17.755663633346558,0.0,44,True,,,MainThread,Selenium
2025-07-28T18:16:43.307578,/consultar,consulta_sincrona,2023,2023,JANEIRO,MARÇO,17.655721187591553,17.653980016708374,0.0,53,True,,,MainThread,Selenium
2025-07-28T18:17:08.764437,/consultar,consulta_sincrona,2023,2023,ABRIL,JUNHO,17.434559106826782,17.433069229125977,0.0,45,True,,,MainThread,Selenium
2025-07-28T18:17:34.069628,/consultar,consulta_sincrona,2023,2023,JULHO,SETEMBRO,17.28141212463379,17.27964997291565,0.0,51,True,,,MainThread,Selenium
2025-07-28T18:17:59.624650,/consultar,consulta_sincrona,2022,2022,JANEIRO,JUNHO,17.5334210395813,17.531944274902344,0.0,50,True,,,MainThread,Selenium
2025-07-28T18:18:24.983813,/consultar,consulta_sincrona,2022,2022,JULHO,DEZEMBRO,17.3370201587677,17.335326433181763,0.0,49,True,,,MainThread,Selenium
2025-07-28T18:18:50.362561,/consultar,consulta_sincrona,2021,2021,JANEIRO,DEZEMBRO,17.3574857711792,17.355844736099243,0.0,63,True,,,MainThread,Selenium
2025-07-28T18:19:14.464493,/consultar,consulta_sincrona,2020,2020,JANEIRO,DEZEMBRO,16.077934741973877,16.07641839981079,0.0,57,True,,,MainThread,Selenium
2025-07-28T18:19:39.880881,/consultar,consulta_sincrona,2023,2023,JANEIRO,JANEIRO,17.396445512771606,17.394932985305786,0.0,53,True,,,MainThread,Selenium
2025-07-28T18:20:05.291237,/consultar,consulta_sincrona,2023,2023,JUNHO,JUNHO,17.387814044952393,17.38608956336975,0.0,44,True,,,MainThread,Selenium
2025-07-28T18:20:35.347789,/consultar,consulta_assincrona_inicio,2020,2023,JANEIRO,DEZEMBRO,0.0019364356994628906,0.0,0.0,0,True,,c29faf79-e2f8-4e1c-8b5e-f2125ce5dba2,MainThread,Selenium
2025-07-28T18:20:53.128279,/consultar,consulta_assincrona_ano,2020,2020,JANEIRO,DEZEMBRO,17.673039436340332,17.673039436340332,0.0,57,True,,c29faf79-e2f8-4e1c-8b5e-f2125ce5dba2,Thread-1 (_executar_consulta_sequencial),Selenium
2025-07-28T18:21:10.774159,/consultar,consulta_assincrona_ano,2021,2021,JANEIRO,DEZEMBRO,17.638996362686157,17.638996362686157,0.0,63,True,,c29faf79-e2f8-4e1c-8b5e-f2125ce5dba2,Thread-1 (_executar_consulta_sequencial),Selenium
2025-07-28T18:21:28.410037,/consultar,consulta_assincrona_ano,2022,2022,JANEIRO,DEZEMBRO,17.62916326522827,17.62916326522827,0.0,53,True,,c29faf79-e2f8-4e1c-8b5e-f2125ce5dba2,Thread-1 (_executar_consulta_sequencial),Selenium
2025-07-28T18:21:45.876496,/consultar,consulta_assincrona_ano,2023,2023,JANEIRO,DEZEMBRO,17.459487915039062,17.459487915039062,0.0,53,True,,c29faf79-e2f8-4e1c-8b5e-f2125ce5dba2,Thread-1 (_executar_consulta_sequencial),Selenium
2025-07-28T18:21:45.885195,/consultar,consulta_assincrona_final,2020,2023,JANEIRO,DEZEMBRO,70.42830109596252,70.40068697929382,0.0,226,True,,c29faf79-e2f8-4e1c-8b5e-f2125ce5dba2,Thread-1 (_executar_consulta_sequencial),Selenium
2025-07-28T18:22:05.597161,/consultar,consulta_assincrona_inicio,2018,2021,JANEIRO,DEZEMBRO,0.001722574234008789,0.0,0.0,0,True,,6823ca96-f61a-400b-8e31-1bc069e156d6,MainThread,Selenium
2025-07-28T18:22:23.532610,/consultar,consulta_assincrona_ano,2018,2018,JANEIRO,DEZEMBRO,17.928734064102173,17.928734064102173,0.0,67,True,,6823ca96-f61a-400b-8e31-1bc069e156d6,Thread-2 (_executar_consulta_sequencial),Selenium
2025-07-28T18:22:41.437396,/consultar,consulta_assincrona_ano,2019,2019,JANEIRO,DEZEMBRO,17.897467613220215,17.897467613220215,0.0,63,True,,6823ca96-f61a-400b-8e31-1bc069e156d6,Thread-2 (_executar_consulta_sequencial),Selenium
2025-07-28T18:22:59.149592,/consultar,consulta_assincrona_ano,2020,2020,JANEIRO,DEZEMBRO,17.705919981002808,17.705919981002808,0.0,57,True,,6823ca96-f61a-400b-8e31-1bc069e156d6,Thread-2 (_executar_consulta_sequencial),Selenium
2025-07-28T18:23:16.697014,/consultar,consulta_assincrona_ano,2021,2021,JANEIRO,DEZEMBRO,17.540250539779663,17.540250539779663,0.0,63,True,,6823ca96-f61a-400b-8e31-1bc069e156d6,Thread-2 (_executar_consulta_sequencial),Selenium
2025-07-28T18:23:16.705598,/consultar,consulta_assincrona_final,2018,2021,JANEIRO,DEZEMBRO,71.10003900527954,71.07237219810486,0.0,250,True,,6823ca96-f61a-400b-8e31-1bc069e156d6,Thread-2 (_executar_consulta_sequencial),Selenium
2025-07-28T18:23:35.795009,/consultar,consulta_assincrona_inicio,2015,2017,JANEIRO,DEZEMBRO,0.0015747547149658203,0.0,0.0,0,True,,0aa5fd8a-2c98-40cf-a4db-a0bad5402aed,MainThread,Selenium
2025-07-28T18:23:53.905233,/consultar,consulta_assincrona_ano,2015,2015,JANEIRO,DEZEMBRO,18.102667331695557,18.102667331695557,0.0,89,True,,0aa5fd8a-2c98-40cf-a4db-a0bad5402aed,Thread-3 (_executar_consulta_sequencial),Selenium
2025-07-28T18:24:11.702483,/consultar,consulta_assincrona_ano,2016,2016,JANEIRO,DEZEMBRO,17.79047989845276,17.79047989845276,0.0,70,True,,0aa5fd8a-2c98-40cf-a4db-a0bad5402aed,Thread-3 (_executar_consulta_sequencial),Selenium
2025-07-28T18:24:30.090998,/consultar,consulta_assincrona_ano,2017,2017,JANEIRO,DEZEMBRO,18.37823724746704,18.37823724746704,0.0,68,True,,0aa5fd8a-2c98-40cf-a4db-a0bad5402aed,Thread-3 (_executar_consulta_sequencial),Selenium
2025-07-28T18:24:30.099989,/consultar,consulta_assincrona_final,2015,2017,JANEIRO,DEZEMBRO,54.29565167427063,54.271384477615356,0.0,227,True,,0aa5fd8a-2c98-40cf-a4db-a0bad5402aed,Thread-3 (_executar_consulta_sequencial),Selenium
2025-07-28T18:25:03.454565,/consultar,consulta_sincrona,2019,2019,JANEIRO,DEZEMBRO,17.538705110549927,17.53710126876831,0.0,63,True,,,MainThread,Selenium
2025-07-28T18:25:03.473856,/consultar,consulta_assincrona_inicio,2020,2023,JANEIRO,DEZEMBRO,0.0021789073944091797,0.0,0.0,0,True,,9ddc1c8b-46a4-486e-b9cd-e16c8b468c2b,MainThread,Selenium
2025-07-28T18:25:21.298619,/consultar,consulta_assincrona_ano,2020,2020,JANEIRO,DEZEMBRO,17.815138339996338,17.815138339996338,0.0,57,True,,9ddc1c8b-46a4-486e-b9cd-e16c8b468c2b,Thread-4 (_executar_consulta_sequencial),Selenium
2025-07-28T18:25:38.732827,/consultar,consulta_assincrona_ano,2021,2021,JANEIRO,DEZEMBRO,17.42540717124939,17.42540717124939,0.0,63,True,,9ddc1c8b-46a4-486e-b9cd-e16c8b468c2b,Thread-4 (_executar_consulta_sequencial),Selenium
2025-07-28T18:25:56.199758,/consultar,consulta_assincrona_ano,2022,2022,JANEIRO,DEZEMBRO,17.4598605632782,17.4598605632782,0.0,53,True,,9ddc1c8b-46a4-486e-b9cd-e16c8b468c2b,Thread-4 (_executar_consulta_sequencial),Selenium
2025-07-28T18:26:13.768673,/consultar,consulta_assincrona_ano,2023,2023,JANEIRO,DEZEMBRO,17.562434673309326,17.562434673309326,0.0,53,True,,9ddc1c8b-46a4-486e-b9cd-e16c8b468c2b,Thread-4 (_executar_consulta_sequencial),Selenium
2025-07-28T18:26:13.777152,/consultar,consulta_assincrona_final,2020,2023,JANEIRO,DEZEMBRO,70.29187774658203,70.26284074783325,0.0,226,True,,9ddc1c8b-46a4-486e-b9cd-e16c8b468c2b,Thread-4 (_executar_consulta_sequencial),Selenium
2025-07-28T18:26:33.621723,/consultar,consulta_assincrona_inicio,2018,2021,JANEIRO,DEZEMBRO,0.001590728759765625,0.0,0.0,0,True,,02d268a0-9f71-4fc9-8509-40044464811d,MainThread,Selenium
2025-07-28T18:26:51.176111,/consultar,consulta_assincrona_ano,2018,2018,JANEIRO,DEZEMBRO,17.54823660850525,17.54823660850525,0.0,67,True,,02d268a0-9f71-4fc9-8509-40044464811d,Thread-5 (_executar_consulta_sequencial),Selenium
2025-07-28T18:27:08.941839,/consultar,consulta_assincrona_ano,2019,2019,JANEIRO,DEZEMBRO,17.75877094268799,17.75877094268799,0.0,36,True,,02d268a0-9f71-4fc9-8509-40044464811d,Thread-5 (_executar_consulta_sequencial),Selenium
2025-07-28T18:27:26.458832,/consultar,consulta_assincrona_ano,2020,2020,JANEIRO,DEZEMBRO,17.51051664352417,17.51051664352417,0.0,57,True,,02d268a0-9f71-4fc9-8509-40044464811d,Thread-5 (_executar_consulta_sequencial),Selenium
2025-07-28T18:27:43.959221,/consultar,consulta_assincrona_ano,2021,2021,JANEIRO,DEZEMBRO,17.49377989768982,17.49377989768982,0.0,63,True,,02d268a0-9f71-4fc9-8509-40044464811d,Thread-5 (_executar_consulta_sequencial),Selenium
2025-07-28T18:27:43.967257,/consultar,consulta_assincrona_final,2018,2021,JANEIRO,DEZEMBRO,70.33773136138916,70.31130409240723,0.0,223,True,,02d268a0-9f71-4fc9-8509-40044464811d,Thread-5 (_executar_consulta_sequencial),Selenium
2025-07-28T18:28:03.777208,/consultar,consulta_assincrona_inicio,2015,2017,JANEIRO,DEZEMBRO,0.0016410350799560547,0.0,0.0,0,True,,2bd58e87-ee32-4639-947c-cfbe0bb09a6c,MainThread,Selenium
2025-07-28T18:28:21.513262,/consultar,consulta_assincrona_ano,2015,2015,JANEIRO,DEZEMBRO,17.72952675819397,17.72952675819397,0.0,89,True,,2bd58e87-ee32-4639-947c-cfbe0bb09a6c,Thread-6 (_executar_consulta_sequencial),Selenium
2025-07-28T18:28:39.190363,/consultar,consulta_assincrona_ano,2016,2016,JANEIRO,DEZEMBRO,17.670109510421753,17.670109510421753,0.0,70,True,,2bd58e87-ee32-4639-947c-cfbe0bb09a6c,Thread-6 (_executar_consulta_sequencial),Selenium
2025-07-28T18:28:57.449021,/consultar,consulta_assincrona_ano,2017,2017,JANEIRO,DEZEMBRO,18.252506732940674,18.252506732940674,0.0,68,True,,2bd58e87-ee32-4639-947c-cfbe0bb09a6c,Thread-6 (_executar_consulta_sequencial),Selenium
2025-07-28T18:28:57.457905,/consultar,consulta_assincrona_final,2015,2017,JANEIRO,DEZEMBRO,53.67240071296692,53.6521430015564,0.0,227,True,,2bd58e87-ee32-4639-947c-cfbe0bb09a6c,Thread-6 (_executar_consulta_sequencial),Selenium
2025-07-28T18:29:31.559835,/consultar,consulta_sincrona,2019,2019,JANEIRO,DEZEMBRO,17.60483431816101,17.603331089019775,0.0,63,True,,,MainThread,Selenium
2025-07-28T18:29:31.577913,/consultar,consulta_assincrona_inicio,2020,2023,JANEIRO,DEZEMBRO,0.0025022029876708984,0.0,0.0,0,True,,6480834e-b15c-4bb0-8dc7-edd7011b289f,MainThread,Selenium
2025-07-28T18:29:49.419812,/consultar,consulta_assincrona_ano,2020,2020,JANEIRO,DEZEMBRO,17.8309645652771,17.8309645652771,0.0,57,True,,6480834e-b15c-4bb0-8dc7-edd7011b289f,Thread-7 (_executar_consulta_sequencial),Selenium
2025-07-28T18:30:06.850153,/consultar,consulta_assincrona_ano,2021,2021,JANEIRO,DEZEMBRO,17.42194676399231,17.42194676399231,0.0,63,True,,6480834e-b15c-4bb0-8dc7-edd7011b289f,Thread-7 (_executar_consulta_sequencial),Selenium
2025-07-28T18:30:24.317903,/consultar,consulta_assincrona_ano,2022,2022,JANEIRO,DEZEMBRO,17.453739643096924,17.453739643096924,0.0,53,True,,6480834e-b15c-4bb0-8dc7-edd7011b289f,Thread-7 (_executar_consulta_sequencial),Selenium
2025-07-28T18:30:41.683863,/consultar,consulta_assincrona_ano,2023,2023,JANEIRO,DEZEMBRO,17.35949397087097,17.35949397087097,0.0,53,True,,6480834e-b15c-4bb0-8dc7-edd7011b289f,Thread-7 (_executar_consulta_sequencial),Selenium
2025-07-28T18:30:41.693325,/consultar,consulta_assincrona_final,2020,2023,JANEIRO,DEZEMBRO,70.10275769233704,70.0661449432373,0.0,226,True,,6480834e-b15c-4bb0-8dc7-edd7011b289f,Thread-7 (_executar_consulta_sequencial),Selenium
2025-07-28T18:30:56.772649,/consultar,consulta_assincrona_inicio,2018,2021,JANEIRO,DEZEMBRO,0.0016779899597167969,0.0,0.0,0,True,,897acf18-b93b-448d-ad51-c27c7547f1fa,MainThread,Selenium
2025-07-28T18:31:14.230679,/consultar,consulta_assincrona_ano,2018,2018,JANEIRO,DEZEMBRO,17.4516921043396,17.4516921043396,0.0,67,True,,897acf18-b93b-448d-ad51-c27c7547f1fa,Thread-8 (_executar_consulta_sequencial),Selenium
2025-07-28T18:31:32.092447,/consultar,consulta_assincrona_ano,2019,2019,JANEIRO,DEZEMBRO,17.851032733917236,17.851032733917236,0.0,63,True,,897acf18-b93b-448d-ad51-c27c7547f1fa,Thread-8 (_executar_consulta_sequencial),Selenium
2025-07-28T18:31:49.742824,/consultar,consulta_assincrona_ano,2020,2020,JANEIRO,DEZEMBRO,17.642236948013306,17.642236948013306,0.0,57,True,,897acf18-b93b-448d-ad51-c27c7547f1fa,Thread-8 (_executar_consulta_sequencial),Selenium
2025-07-28T18:32:08.425204,/consultar,consulta_assincrona_ano,2021,2021,JANEIRO,DEZEMBRO,18.675550937652588,18.675550937652588,0.0,63,True,,897acf18-b93b-448d-ad51-c27c7547f1fa,Thread-8 (_executar_consulta_sequencial),Selenium
2025-07-28T18:32:08.434576,/consultar,consulta_assincrona_final,2018,2021,JANEIRO,DEZEMBRO,71.65369296073914,71.62051272392273,0.0,250,True,,897acf18-b93b-448d-ad51-c27c7547f1fa,Thread-8 (_executar_consulta_sequencial),Selenium
2025-07-28T18:32:26.917669,/consultar,consulta_assincrona_inicio,2015,2017,JANEIRO,DEZEMBRO,0.0015840530395507812,0.0,0.0,0,True,,907482cb-4d86-4023-8ccb-47dfef987a42,MainThread,Selenium
2025-07-28T18:32:44.607344,/consultar,consulta_assincrona_ano,2015,2015,JANEIRO,DEZEMBRO,17.683595180511475,17.683595180511475,0.0,89,True,,907482cb-4d86-4023-8ccb-47dfef987a42,Thread-9 (_executar_consulta_sequencial),Selenium
2025-07-28T18:33:02.451101,/consultar,consulta_assincrona_ano,2016,2016,JANEIRO,DEZEMBRO,17.836766481399536,17.836766481399536,0.0,70,True,,907482cb-4d86-4023-8ccb-47dfef987a42,Thread-9 (_executar_consulta_sequencial),Selenium
2025-07-28T18:33:20.299645,/consultar,consulta_assincrona_ano,2017,2017,JANEIRO,DEZEMBRO,17.8405818939209,17.8405818939209,0.0,68,True,,907482cb-4d86-4023-8ccb-47dfef987a42,Thread-9 (_executar_consulta_sequencial),Selenium
2025-07-28T18:33:20.308334,/consultar,consulta_assincrona_final,2015,2017,JANEIRO,DEZEMBRO,53.38280940055847,53.36094355583191,0.0,227,True,,907482cb-4d86-4023-8ccb-47dfef987a42,Thread-9 (_executar_consulta_sequencial),Selenium
2025-07-28T18:33:54.695143,/consultar,consulta_sincrona,2019,2019,JANEIRO,DEZEMBRO,17.600921630859375,17.59941053390503,0.0,63,True,,,MainThread,Selenium
2025-07-28T18:33:54.711430,/consultar,consulta_assincrona_inicio,2020,2023,JANEIRO,DEZEMBRO,0.0016202926635742188,0.0,0.0,0,True,,2348306c-d630-4a62-af8a-65f38ca69dc7,MainThread,Selenium
2025-07-28T18:34:12.360614,/consultar,consulta_assincrona_ano,2020,2020,JANEIRO,DEZEMBRO,17.636121034622192,17.636121034622192,0.0,57,True,,2348306c-d630-4a62-af8a-65f38ca69dc7,Thread-10 (_executar_consulta_sequencial),Selenium
2025-07-28T18:34:29.964572,/consultar,consulta_assincrona_ano,2021,2021,JANEIRO,DEZEMBRO,17.59717106819153,17.59717106819153,0.0,63,True,,2348306c-d630-4a62-af8a-65f38ca69dc7,Thread-10 (_executar_consulta_sequencial),Selenium
2025-07-28T18:34:50.756919,/consultar,consulta_assincrona_ano,2022,2022,JANEIRO,DEZEMBRO,20.785261631011963,20.785261631011963,0.0,53,True,,2348306c-d630-4a62-af8a-65f38ca69dc7,Thread-10 (_executar_consulta_sequencial),Selenium
2025-07-28T18:35:08.272476,/consultar,consulta_assincrona_ano,2023,2023,JANEIRO,DEZEMBRO,17.50769591331482,17.50769591331482,0.0,53,True,,2348306c-d630-4a62-af8a-65f38ca69dc7,Thread-10 (_executar_consulta_sequencial),Selenium
2025-07-28T18:35:08.281178,/consultar,consulta_assincrona_final,2020,2023,JANEIRO,DEZEMBRO,73.55497360229492,73.5262496471405,0.0,226,True,,2348306c-d630-4a62-af8a-65f38ca69dc7,Thread-10 (_executar_consulta_sequencial),Selenium
2025-07-28T18:35:24.921570,/consultar,consulta_assincrona_inicio,2018,2021,JANEIRO,DEZEMBRO,0.0016782283782958984,0.0,0.0,0,True,,292e910a-809a-4001-bb10-76cefd0f8f3c,MainThread,Selenium
2025-07-28T18:35:42.638528,/consultar,consulta_assincrona_ano,2018,2018,JANEIRO,DEZEMBRO,17.710819721221924,17.710819721221924,0.0,67,True,,292e910a-809a-4001-bb10-76cefd0f8f3c,Thread-11 (_executar_consulta_sequencial),Selenium
2025-07-28T18:36:00.447781,/consultar,consulta_assincrona_ano,2019,2019,JANEIRO,DEZEMBRO,17.801921129226685,17.801921129226685,0.0,63,True,,292e910a-809a-4001-bb10-76cefd0f8f3c,Thread-11 (_executar_consulta_sequencial),Selenium
2025-07-28T18:36:18.126220,/consultar,consulta_assincrona_ano,2020,2020,JANEIRO,DEZEMBRO,17.671809673309326,17.671809673309326,0.0,57,True,,292e910a-809a-4001-bb10-76cefd0f8f3c,Thread-11 (_executar_consulta_sequencial),Selenium
2025-07-28T18:36:35.636731,/consultar,consulta_assincrona_ano,2021,2021,JANEIRO,DEZEMBRO,17.503974199295044,17.503974199295044,0.0,63,True,,292e910a-809a-4001-bb10-76cefd0f8f3c,Thread-11 (_executar_consulta_sequencial),Selenium
2025-07-28T18:36:35.644856,/consultar,consulta_assincrona_final,2018,2021,JANEIRO,DEZEMBRO,70.7155077457428,70.68852472305298,0.0,250,True,,292e910a-809a-4001-bb10-76cefd0f8f3c,Thread-11 (_executar_consulta_sequencial),Selenium
2025-07-28T19:30:44.815757,/consultar,consulta_assincrona_inicio,2020,2023,JANEIRO,DEZEMBRO,0.004286289215087891,0.0,0.0,0,True,,95e95dc7-b64d-4ffa-bc34-99532aae3d88,MainThread,Selenium
2025-07-28T19:31:03.610949,/consultar,consulta_assincrona_ano,2020,2020,JANEIRO,DEZEMBRO,18.778574466705322,18.778574466705322,0.0,32,True,,95e95dc7-b64d-4ffa-bc34-99532aae3d88,Thread-12 (_executar_consulta_sequencial),Selenium
2025-07-28T19:31:21.774756,/consultar,consulta_assincrona_ano,2021,2021,JANEIRO,DEZEMBRO,18.154290437698364,18.154290437698364,0.0,36,True,,95e95dc7-b64d-4ffa-bc34-99532aae3d88,Thread-12 (_executar_consulta_sequencial),Selenium
2025-07-28T19:31:40.076498,/consultar,consulta_assincrona_ano,2022,2022,JANEIRO,DEZEMBRO,18.293456077575684,18.293456077575684,0.0,30,True,,95e95dc7-b64d-4ffa-bc34-99532aae3d88,Thread-12 (_executar_consulta_sequencial),Selenium
2025-07-28T19:31:58.185057,/consultar,consulta_assincrona_ano,2023,2023,JANEIRO,DEZEMBRO,18.098182201385498,18.098182201385498,0.0,30,True,,95e95dc7-b64d-4ffa-bc34-99532aae3d88,Thread-12 (_executar_consulta_sequencial),Selenium
2025-07-28T19:31:58.196264,/consultar,consulta_assincrona_final,2020,2023,JANEIRO,DEZEMBRO,73.36164140701294,73.32450318336487,0.0,128,True,,95e95dc7-b64d-4ffa-bc34-99532aae3d88,Thread-12 (_executar_consulta_sequencial),Selenium
2025-07-28T19:32:14.978573,/consultar,consulta_assincrona_inicio,2018,2021,JANEIRO,DEZEMBRO,0.002687692642211914,0.0,0.0,0,True,,e9bb3e7f-c48a-4e69-aa5a-8743ec855cbf,MainThread,Selenium
2025-07-28T19:36:38.841780,/consultar,consulta_assincrona_inicio,2020,2023,JANEIRO,DEZEMBRO,0.002564668655395508,0.0,0.0,0,True,,a0b90e5e-c482-49b6-a990-1f80d3480c63,MainThread,Selenium
2025-07-28T19:36:57.511943,/consultar,consulta_assincrona_ano,2020,2020,JANEIRO,DEZEMBRO,18.5530104637146,18.5530104637146,0.0,32,True,,a0b90e5e-c482-49b6-a990-1f80d3480c63,Thread-1 (_executar_consulta_sequencial),Selenium
2025-07-28T19:37:15.749516,/consultar,consulta_assincrona_ano,2021,2021,JANEIRO,DEZEMBRO,18.22720432281494,18.22720432281494,0.0,36,True,,a0b90e5e-c482-49b6-a990-1f80d3480c63,Thread-1 (_executar_consulta_sequencial),Selenium
2025-07-28T19:37:33.820488,/consultar,consulta_assincrona_ano,2022,2022,JANEIRO,DEZEMBRO,18.057509183883667,18.057509183883667,0.0,30,True,,a0b90e5e-c482-49b6-a990-1f80d3480c63,Thread-1 (_executar_consulta_sequencial),Selenium
2025-07-28T19:37:51.824038,/consultar,consulta_assincrona_ano,2023,2023,JANEIRO,DEZEMBRO,17.99274706840515,17.99274706840515,0.0,30,True,,a0b90e5e-c482-49b6-a990-1f80d3480c63,Thread-1 (_executar_consulta_sequencial),Selenium
2025-07-28T19:37:51.835226,/consultar,consulta_assincrona_final,2020,2023,JANEIRO,DEZEMBRO,72.87426090240479,72.83047103881836,0.0,128,True,,a0b90e5e-c482-49b6-a990-1f80d3480c63,Thread-1 (_executar_consulta_sequencial),Selenium
2025-07-28T19:38:09.131160,/consultar,consulta_assincrona_inicio,2018,2021,JANEIRO,DEZEMBRO,0.002714395523071289,0.0,0.0,0,True,,71244add-ed31-459a-9418-9a0c04816284,MainThread,Selenium
2025-07-28T19:38:27.347725,/consultar,consulta_assincrona_ano,2018,2018,JANEIRO,DEZEMBRO,18.197356700897217,18.197356700897217,0.0,67,True,,71244add-ed31-459a-9418-9a0c04816284,Thread-2 (_executar_consulta_sequencial),Selenium
2025-07-28T19:38:45.698104,/consultar,consulta_assincrona_ano,2019,2019,JANEIRO,DEZEMBRO,18.340403079986572,18.340403079986572,0.0,63,True,,71244add-ed31-459a-9418-9a0c04816284,Thread-2 (_executar_consulta_sequencial),Selenium
2025-07-28T19:39:03.878339,/consultar,consulta_assincrona_ano,2020,2020,JANEIRO,DEZEMBRO,18.172077178955078,18.172077178955078,0.0,32,True,,71244add-ed31-459a-9418-9a0c04816284,Thread-2 (_executar_consulta_sequencial),Selenium
2025-07-28T19:39:21.877515,/consultar,consulta_assincrona_ano,2021,2021,JANEIRO,DEZEMBRO,17.990328311920166,17.990328311920166,0.0,36,True,,71244add-ed31-459a-9418-9a0c04816284,Thread-2 (_executar_consulta_sequencial),Selenium
2025-07-28T19:39:21.888664,/consultar,consulta_assincrona_final,2018,2021,JANEIRO,DEZEMBRO,72.7362129688263,72.70016527175903,0.0,198,True,,71244add-ed31-459a-9418-9a0c04816284,Thread-2 (_executar_consulta_sequencial),Selenium
2025-07-28T19:39:39.317533,/consultar,consulta_assincrona_inicio,2015,2017,JANEIRO,DEZEMBRO,0.003536701202392578,0.0,0.0,0,True,,fefbe053-292d-4389-9e9d-806f6045a004,MainThread,Selenium
2025-07-28T19:39:58.008279,/consultar,consulta_assincrona_ano,2015,2015,JANEIRO,DEZEMBRO,18.675861120224,18.675861120224,0.0,89,True,,fefbe053-292d-4389-9e9d-806f6045a004,Thread-3 (_executar_consulta_sequencial),Selenium
2025-07-28T19:40:16.583646,/consultar,consulta_assincrona_ano,2016,2016,JANEIRO,DEZEMBRO,18.565207481384277,18.565207481384277,0.0,70,True,,fefbe053-292d-4389-9e9d-806f6045a004,Thread-3 (_executar_consulta_sequencial),Selenium
2025-07-28T19:40:34.752349,/consultar,consulta_assincrona_ano,2017,2017,JANEIRO,DEZEMBRO,18.160362482070923,18.160362482070923,0.0,41,True,,fefbe053-292d-4389-9e9d-806f6045a004,Thread-3 (_executar_consulta_sequencial),Selenium
2025-07-28T19:40:34.765062,/consultar,consulta_assincrona_final,2015,2017,JANEIRO,DEZEMBRO,55.42984485626221,55.4014310836792,0.0,200,True,,fefbe053-292d-4389-9e9d-806f6045a004,Thread-3 (_executar_consulta_sequencial),Selenium
2025-07-28T19:41:12.700939,/consultar,consulta_sincrona,2019,2019,JANEIRO,DEZEMBRO,18.225735902786255,18.223365306854248,0.0,36,True,,,MainThread,Selenium
2025-07-28T19:41:12.722490,/consultar,consulta_assincrona_inicio,2020,2023,JANEIRO,DEZEMBRO,0.002557516098022461,0.0,0.0,0,True,,cacb202a-1532-4e7d-93c0-f0874a64f1ca,MainThread,Selenium
2025-07-28T19:41:30.816074,/consultar,consulta_assincrona_ano,2020,2020,JANEIRO,DEZEMBRO,18.076884746551514,18.076884746551514,0.0,57,True,,cacb202a-1532-4e7d-93c0-f0874a64f1ca,Thread-4 (_executar_consulta_sequencial),Selenium
2025-07-28T19:41:48.773616,/consultar,consulta_assincrona_ano,2021,2021,JANEIRO,DEZEMBRO,17.94902777671814,17.94902777671814,0.0,63,True,,cacb202a-1532-4e7d-93c0-f0874a64f1ca,Thread-4 (_executar_consulta_sequencial),Selenium
2025-07-28T19:42:06.786369,/consultar,consulta_assincrona_ano,2022,2022,JANEIRO,DEZEMBRO,18.002237558364868,18.002237558364868,0.0,30,True,,cacb202a-1532-4e7d-93c0-f0874a64f1ca,Thread-4 (_executar_consulta_sequencial),Selenium
2025-07-28T19:42:24.863203,/consultar,consulta_assincrona_ano,2023,2023,JANEIRO,DEZEMBRO,18.066909074783325,18.066909074783325,0.0,53,True,,cacb202a-1532-4e7d-93c0-f0874a64f1ca,Thread-4 (_executar_consulta_sequencial),Selenium
2025-07-28T19:42:24.875679,/consultar,consulta_assincrona_final,2020,2023,JANEIRO,DEZEMBRO,72.13375544548035,72.09505915641785,0.0,203,True,,cacb202a-1532-4e7d-93c0-f0874a64f1ca,Thread-4 (_executar_consulta_sequencial),Selenium
2025-07-28T19:42:42.904925,/consultar,consulta_assincrona_inicio,2018,2021,JANEIRO,DEZEMBRO,0.002435922622680664,0.0,0.0,0,True,,c9e932a0-768c-4444-bb85-ae6bc216ffcb,MainThread,Selenium
2025-07-28T19:43:01.303406,/consultar,consulta_assincrona_ano,2018,2018,JANEIRO,DEZEMBRO,18.382314205169678,18.382314205169678,0.0,67,True,,c9e932a0-768c-4444-bb85-ae6bc216ffcb,Thread-5 (_executar_consulta_sequencial),Selenium
2025-07-28T19:43:19.927084,/consultar,consulta_assincrona_ano,2019,2019,JANEIRO,DEZEMBRO,18.614561080932617,18.614561080932617,0.0,36,True,,c9e932a0-768c-4444-bb85-ae6bc216ffcb,Thread-5 (_executar_consulta_sequencial),Selenium
2025-07-28T19:43:38.193061,/consultar,consulta_assincrona_ano,2020,2020,JANEIRO,DEZEMBRO,18.253483772277832,18.253483772277832,0.0,57,True,,c9e932a0-768c-4444-bb85-ae6bc216ffcb,Thread-5 (_executar_consulta_sequencial),Selenium
2025-07-28T19:43:56.265238,/consultar,consulta_assincrona_ano,2021,2021,JANEIRO,DEZEMBRO,18.0619957447052,18.0619957447052,0.0,36,True,,c9e932a0-768c-4444-bb85-ae6bc216ffcb,Thread-5 (_executar_consulta_sequencial),Selenium
2025-07-28T19:43:56.277124,/consultar,consulta_assincrona_final,2018,2021,JANEIRO,DEZEMBRO,73.35337281227112,73.31235480308533,0.0,196,True,,c9e932a0-768c-4444-bb85-ae6bc216ffcb,Thread-5 (_executar_consulta_sequencial),Selenium
2025-07-28T19:44:13.100012,/consultar,consulta_assincrona_inicio,2015,2017,JANEIRO,DEZEMBRO,0.004273653030395508,0.0,0.0,0,True,,6e7feb50-5254-43d0-bceb-a876979fdbca,MainThread,Selenium
2025-07-28T19:44:31.493622,/consultar,consulta_assincrona_ano,2015,2015,JANEIRO,DEZEMBRO,18.373352527618408,18.373352527618408,0.0,50,True,,6e7feb50-5254-43d0-bceb-a876979fdbca,Thread-6 (_executar_consulta_sequencial),Selenium
2025-07-28T19:44:50.007101,/consultar,consulta_assincrona_ano,2016,2016,JANEIRO,DEZEMBRO,18.50449013710022,18.50449013710022,0.0,46,True,,6e7feb50-5254-43d0-bceb-a876979fdbca,Thread-6 (_executar_consulta_sequencial),Selenium
2025-07-28T19:45:08.491458,/consultar,consulta_assincrona_ano,2017,2017,JANEIRO,DEZEMBRO,18.475876808166504,18.475876808166504,0.0,30,True,,6e7feb50-5254-43d0-bceb-a876979fdbca,Thread-6 (_executar_consulta_sequencial),Selenium
2025-07-28T19:45:08.506950,/consultar,consulta_assincrona_final,2015,2017,JANEIRO,DEZEMBRO,55.382336139678955,55.35371947288513,0.0,126,True,,6e7feb50-5254-43d0-bceb-a876979fdbca,Thread-6 (_executar_consulta_sequencial),Selenium
2025-07-28T19:45:46.559189,/consultar,consulta_sincrona,2019,2019,JANEIRO,DEZEMBRO,18.296093940734863,18.2936532497406,0.0,63,True,,,MainThread,Selenium
2025-07-28T19:45:46.584646,/consultar,consulta_assincrona_inicio,2020,2023,JANEIRO,DEZEMBRO,0.002591848373413086,0.0,0.0,0,True,,5252be4b-3557-441f-9ea1-80e38c11c13b,MainThread,Selenium
2025-07-28T19:46:04.722185,/consultar,consulta_assincrona_ano,2020,2020,JANEIRO,DEZEMBRO,18.12772560119629,18.12772560119629,0.0,32,True,,5252be4b-3557-441f-9ea1-80e38c11c13b,Thread-7 (_executar_consulta_sequencial),Selenium
2025-07-28T19:46:22.893680,/consultar,consulta_assincrona_ano,2021,2021,JANEIRO,DEZEMBRO,18.159303665161133,18.159303665161133,0.0,36,True,,5252be4b-3557-441f-9ea1-80e38c11c13b,Thread-7 (_executar_consulta_sequencial),Selenium
2025-07-28T19:46:40.280302,/consultar,consulta_assincrona_ano,2022,2022,JANEIRO,DEZEMBRO,17.377095460891724,17.377095460891724,0.0,53,True,,5252be4b-3557-441f-9ea1-80e38c11c13b,Thread-7 (_executar_consulta_sequencial),Selenium
2025-07-28T19:46:58.552176,/consultar,consulta_assincrona_ano,2023,2023,JANEIRO,DEZEMBRO,18.262856245040894,18.262856245040894,0.0,30,True,,5252be4b-3557-441f-9ea1-80e38c11c13b,Thread-7 (_executar_consulta_sequencial),Selenium
2025-07-28T19:46:58.568946,/consultar,consulta_assincrona_final,2020,2023,JANEIRO,DEZEMBRO,71.97126865386963,71.92698097229004,0.0,151,True,,5252be4b-3557-441f-9ea1-80e38c11c13b,Thread-7 (_executar_consulta_sequencial),Selenium
2025-07-28T19:47:15.991776,/consultar,consulta_assincrona_inicio,2018,2021,JANEIRO,DEZEMBRO,0.002691030502319336,0.0,0.0,0,True,,eec24792-7c36-4822-9310-584d436151cf,MainThread,Selenium
2025-07-28T19:47:34.080784,/consultar,consulta_assincrona_ano,2018,2018,JANEIRO,DEZEMBRO,18.078044652938843,18.078044652938843,0.0,39,True,,eec24792-7c36-4822-9310-584d436151cf,Thread-8 (_executar_consulta_sequencial),Selenium
2025-07-28T19:47:52.507489,/consultar,consulta_assincrona_ano,2019,2019,JANEIRO,DEZEMBRO,18.41634964942932,18.41634964942932,0.0,36,True,,eec24792-7c36-4822-9310-584d436151cf,Thread-8 (_executar_consulta_sequencial),Selenium
2025-07-28T19:48:10.538103,/consultar,consulta_assincrona_ano,2020,2020,JANEIRO,DEZEMBRO,18.020582675933838,18.020582675933838,0.0,57,True,,eec24792-7c36-4822-9310-584d436151cf,Thread-8 (_executar_consulta_sequencial),Selenium
2025-07-28T19:48:28.703781,/consultar,consulta_assincrona_ano,2021,2021,JANEIRO,DEZEMBRO,18.155595302581787,18.155595302581787,0.0,63,True,,eec24792-7c36-4822-9310-584d436151cf,Thread-8 (_executar_consulta_sequencial),Selenium
2025-07-28T19:48:28.716408,/consultar,consulta_assincrona_final,2018,2021,JANEIRO,DEZEMBRO,72.7112283706665,72.67057228088379,0.0,195,True,,eec24792-7c36-4822-9310-584d436151cf,Thread-8 (_executar_consulta_sequencial),Selenium
2025-07-28T19:48:46.195025,/consultar,consulta_assincrona_inicio,2015,2017,JANEIRO,DEZEMBRO,0.002231121063232422,0.0,0.0,0,True,,236adedf-d420-4866-a6c8-a9dcd435b50c,MainThread,Selenium
2025-07-28T19:49:04.846299,/consultar,consulta_assincrona_ano,2015,2015,JANEIRO,DEZEMBRO,18.641205072402954,18.641205072402954,0.0,89,True,,236adedf-d420-4866-a6c8-a9dcd435b50c,Thread-9 (_executar_consulta_sequencial),Selenium
2025-07-28T19:49:23.102021,/consultar,consulta_assincrona_ano,2016,2016,JANEIRO,DEZEMBRO,18.245832443237305,18.245832443237305,0.0,46,True,,236adedf-d420-4866-a6c8-a9dcd435b50c,Thread-9 (_executar_consulta_sequencial),Selenium
2025-07-28T19:49:41.997642,/consultar,consulta_assincrona_ano,2017,2017,JANEIRO,DEZEMBRO,18.88281226158142,18.88281226158142,0.0,68,True,,236adedf-d420-4866-a6c8-a9dcd435b50c,Thread-9 (_executar_consulta_sequencial),Selenium
2025-07-28T19:49:42.009654,/consultar,consulta_assincrona_final,2015,2017,JANEIRO,DEZEMBRO,55.802000284194946,55.76984977722168,0.0,203,True,,236adedf-d420-4866-a6c8-a9dcd435b50c,Thread-9 (_executar_consulta_sequencial),Selenium
2025-07-28T19:50:19.557776,/consultar,consulta_sincrona,2019,2019,JANEIRO,DEZEMBRO,18.21956729888916,18.217124700546265,0.0,36,True,,,MainThread,Selenium
2025-07-28T19:50:19.575749,/consultar,consulta_assincrona_inicio,2020,2023,JANEIRO,DEZEMBRO,0.0022652149200439453,0.0,0.0,0,True,,0c273b3e-1731-402a-96c6-a8d92993927d,MainThread,Selenium
2025-07-28T19:50:37.732234,/consultar,consulta_assincrona_ano,2020,2020,JANEIRO,DEZEMBRO,18.134499073028564,18.134499073028564,0.0,32,True,,0c273b3e-1731-402a-96c6-a8d92993927d,Thread-10 (_executar_consulta_sequencial),Selenium
2025-07-28T19:50:55.917618,/consultar,consulta_assincrona_ano,2021,2021,JANEIRO,DEZEMBRO,18.176074981689453,18.176074981689453,0.0,36,True,,0c273b3e-1731-402a-96c6-a8d92993927d,Thread-10 (_executar_consulta_sequencial),Selenium
2025-07-28T19:51:14.130044,/consultar,consulta_assincrona_ano,2022,2022,JANEIRO,DEZEMBRO,18.202250719070435,18.202250719070435,0.0,30,True,,0c273b3e-1731-402a-96c6-a8d92993927d,Thread-10 (_executar_consulta_sequencial),Selenium
2025-07-28T19:51:32.262339,/consultar,consulta_assincrona_ano,2023,2023,JANEIRO,DEZEMBRO,18.12328863143921,18.12328863143921,0.0,53,True,,0c273b3e-1731-402a-96c6-a8d92993927d,Thread-10 (_executar_consulta_sequencial),Selenium
2025-07-28T19:51:32.276005,/consultar,consulta_assincrona_final,2020,2023,JANEIRO,DEZEMBRO,72.67568778991699,72.63611340522766,0.0,151,True,,0c273b3e-1731-402a-96c6-a8d92993927d,Thread-10 (_executar_consulta_sequencial),Selenium
2025-07-28T19:51:49.755822,/consultar,consulta_assincrona_inicio,2018,2021,JANEIRO,DEZEMBRO,0.0024538040161132812,0.0,0.0,0,True,,c444e400-6d47-4dcd-bfd3-6aa2c23af225,MainThread,Selenium
2025-07-28T19:52:07.908581,/consultar,consulta_assincrona_ano,2018,2018,JANEIRO,DEZEMBRO,18.141767501831055,18.141767501831055,0.0,39,True,,c444e400-6d47-4dcd-bfd3-6aa2c23af225,Thread-11 (_executar_consulta_sequencial),Selenium
2025-07-28T19:52:26.274403,/consultar,consulta_assincrona_ano,2019,2019,JANEIRO,DEZEMBRO,18.356186151504517,18.356186151504517,0.0,63,True,,c444e400-6d47-4dcd-bfd3-6aa2c23af225,Thread-11 (_executar_consulta_sequencial),Selenium
2025-07-28T19:52:44.334521,/consultar,consulta_assincrona_ano,2020,2020,JANEIRO,DEZEMBRO,18.045974016189575,18.045974016189575,0.0,57,True,,c444e400-6d47-4dcd-bfd3-6aa2c23af225,Thread-11 (_executar_consulta_sequencial),Selenium
2025-07-28T19:53:02.335582,/consultar,consulta_assincrona_ano,2021,2021,JANEIRO,DEZEMBRO,17.991470336914062,17.991470336914062,0.0,36,True,,c444e400-6d47-4dcd-bfd3-6aa2c23af225,Thread-11 (_executar_consulta_sequencial),Selenium
2025-07-28T19:53:02.347495,/consultar,consulta_assincrona_final,2018,2021,JANEIRO,DEZEMBRO,72.57825446128845,72.53539800643921,0.0,195,True,,c444e400-6d47-4dcd-bfd3-6aa2c23af225,Thread-11 (_executar_consulta_sequencial),Selenium
2025-07-28T19:53:19.924170,/consultar,consulta_assincrona_inicio,2015,2017,JANEIRO,DEZEMBRO,0.0024564266204833984,0.0,0.0,0,True,,c1be650f-2462-41dd-8372-056856127733,MainThread,Selenium
2025-07-28T19:53:38.118475,/consultar,consulta_assincrona_ano,2015,2015,JANEIRO,DEZEMBRO,18.184481620788574,18.184481620788574,0.0,50,True,,c1be650f-2462-41dd-8372-056856127733,Thread-12 (_executar_consulta_sequencial),Selenium
2025-07-28T19:53:56.389642,/consultar,consulta_assincrona_ano,2016,2016,JANEIRO,DEZEMBRO,18.26103925704956,18.26103925704956,0.0,46,True,,c1be650f-2462-41dd-8372-056856127733,Thread-12 (_executar_consulta_sequencial),Selenium
2025-07-28T19:54:14.768933,/consultar,consulta_assincrona_ano,2017,2017,JANEIRO,DEZEMBRO,18.364303827285767,18.364303827285767,0.0,30,True,,c1be650f-2462-41dd-8372-056856127733,Thread-12 (_executar_consulta_sequencial),Selenium
2025-07-28T19:54:14.781591,/consultar,consulta_assincrona_final,2015,2017,JANEIRO,DEZEMBRO,54.84496450424194,54.8098247051239,0.0,126,True,,c1be650f-2462-41dd-8372-056856127733,Thread-12 (_executar_consulta_sequencial),Selenium
2025-07-28T19:54:47.839609,/consultar,consulta_sincrona,2019,2019,JANEIRO,DEZEMBRO,18.555405616760254,18.55339217185974,0.0,63,True,,,MainThread,Selenium
2025-07-28T19:54:47.866798,/consultar,consulta_assincrona_inicio,2020,2023,JANEIRO,DEZEMBRO,0.0028772354125976562,0.0,0.0,0,True,,45c00156-1769-4900-b989-2a11cde84c7c,MainThread,Selenium
2025-07-28T19:55:06.058727,/consultar,consulta_assincrona_ano,2020,2020,JANEIRO,DEZEMBRO,18.17988419532776,18.17988419532776,0.0,57,True,,45c00156-1769-4900-b989-2a11cde84c7c,Thread-13 (_executar_consulta_sequencial),Selenium
2025-07-28T19:55:24.242948,/consultar,consulta_assincrona_ano,2021,2021,JANEIRO,DEZEMBRO,18.17528247833252,18.17528247833252,0.0,36,True,,45c00156-1769-4900-b989-2a11cde84c7c,Thread-13 (_executar_consulta_sequencial),Selenium
2025-07-28T19:55:42.512949,/consultar,consulta_assincrona_ano,2022,2022,JANEIRO,DEZEMBRO,18.26031756401062,18.26031756401062,0.0,53,True,,45c00156-1769-4900-b989-2a11cde84c7c,Thread-13 (_executar_consulta_sequencial),Selenium
2025-07-28T19:56:00.649770,/consultar,consulta_assincrona_ano,2023,2023,JANEIRO,DEZEMBRO,18.128713130950928,18.128713130950928,0.0,53,True,,45c00156-1769-4900-b989-2a11cde84c7c,Thread-13 (_executar_consulta_sequencial),Selenium
2025-07-28T19:56:00.661069,/consultar,consulta_assincrona_final,2020,2023,JANEIRO,DEZEMBRO,72.78006052970886,72.74419736862183,0.0,199,True,,45c00156-1769-4900-b989-2a11cde84c7c,Thread-13 (_executar_consulta_sequencial),Selenium
2025-07-28T19:56:18.058865,/consultar,consulta_assincrona_inicio,2018,2021,JANEIRO,DEZEMBRO,0.0029299259185791016,0.0,0.0,0,True,,63d4bbfc-7694-4b07-80b3-7831da9baf43,MainThread,Selenium
2025-07-28T19:56:36.289198,/consultar,consulta_assincrona_ano,2018,2018,JANEIRO,DEZEMBRO,18.218231678009033,18.218231678009033,0.0,67,True,,63d4bbfc-7694-4b07-80b3-7831da9baf43,Thread-14 (_executar_consulta_sequencial),Selenium
2025-07-28T19:56:54.593030,/consultar,consulta_assincrona_ano,2019,2019,JANEIRO,DEZEMBRO,18.29567241668701,18.29567241668701,0.0,36,True,,63d4bbfc-7694-4b07-80b3-7831da9baf43,Thread-14 (_executar_consulta_sequencial),Selenium
2025-07-28T19:57:12.699187,/consultar,consulta_assincrona_ano,2020,2020,JANEIRO,DEZEMBRO,18.096201419830322,18.096201419830322,0.0,57,True,,63d4bbfc-7694-4b07-80b3-7831da9baf43,Thread-14 (_executar_consulta_sequencial),Selenium
2025-07-28T19:57:30.800107,/consultar,consulta_assincrona_ano,2021,2021,JANEIRO,DEZEMBRO,18.090034246444702,18.090034246444702,0.0,36,True,,63d4bbfc-7694-4b07-80b3-7831da9baf43,Thread-14 (_executar_consulta_sequencial),Selenium
2025-07-28T19:57:30.811662,/consultar,consulta_assincrona_final,2018,2021,JANEIRO,DEZEMBRO,72.7380359172821,72.70013976097107,0.0,196,True,,63d4bbfc-7694-4b07-80b3-7831da9baf43,Thread-14 (_executar_consulta_sequencial),Selenium
2025-07-28T19:57:48.243830,/consultar,consulta_assincrona_inicio,2015,2017,JANEIRO,DEZEMBRO,0.0025482177734375,0.0,0.0,0,True,,6be5928d-8ca8-4a52-8637-9882250c8c7c,MainThread,Selenium
2025-07-28T19:58:06.716682,/consultar,consulta_assincrona_ano,2015,2015,JANEIRO,DEZEMBRO,18.46199870109558,18.46199870109558,0.0,89,True,,6be5928d-8ca8-4a52-8637-9882250c8c7c,Thread-15 (_executar_consulta_sequencial),Selenium
2025-07-28T19:58:24.989507,/consultar,consulta_assincrona_ano,2016,2016,JANEIRO,DEZEMBRO,18.264293670654297,18.264293670654297,0.0,46,True,,6be5928d-8ca8-4a52-8637-9882250c8c7c,Thread-15 (_executar_consulta_sequencial),Selenium
2025-07-28T19:58:43.192755,/consultar,consulta_assincrona_ano,2017,2017,JANEIRO,DEZEMBRO,18.189889669418335,18.189889669418335,0.0,68,True,,6be5928d-8ca8-4a52-8637-9882250c8c7c,Thread-15 (_executar_consulta_sequencial),Selenium
2025-07-28T19:58:43.205053,/consultar,consulta_assincrona_final,2015,2017,JANEIRO,DEZEMBRO,54.94817614555359,54.91618204116821,0.0,203,True,,6be5928d-8ca8-4a52-8637-9882250c8c7c,Thread-15 (_executar_consulta_sequencial),Selenium
2025-07-28T19:59:16.756851,/consultar,consulta_sincrona,2019,2019,JANEIRO,DEZEMBRO,18.35551929473877,18.3531494140625,0.0,36,True,,,MainThread,Selenium
2025-08-03T15:02:04.402771,/consultar-playwright,consulta_sincrona_playwright,2023,2023,JANEIRO,MARÇO,72.42897462844849,72.42896890640259,0,0,True,,,MainThread,Playwright
2025-08-03T15:03:11.430259,/consultar-playwright,consulta_sincrona_playwright,2023,2023,ABRIL,JUNHO,58.99386024475098,58.993852376937866,0,225,True,,,MainThread,Playwright
2025-08-03T15:04:17.998214,/consultar-playwright,consulta_sincrona_playwright,2023,2023,JULHO,SETEMBRO,58.494027853012085,58.49402213096619,0,224,True,,,MainThread,Playwright
2025-08-03T15:05:24.931243,/consultar-playwright,consulta_sincrona_playwright,2022,2022,JANEIRO,JUNHO,58.871798515319824,58.871790647506714,0,235,True,,,MainThread,Playwright
2025-08-03T15:06:30.869747,/consultar-playwright,consulta_sincrona_playwright,2022,2022,JULHO,DEZEMBRO,57.88308596611023,57.88307976722717,0,209,True,,,MainThread,Playwright
2025-08-03T15:07:37.532104,/consultar-playwright,consulta_sincrona_playwright,2021,2021,JANEIRO,DEZEMBRO,58.610148906707764,58.61014223098755,0,241,True,,,MainThread,Playwright
2025-08-03T15:08:43.357035,/consultar-playwright,consulta_sincrona_playwright,2020,2020,JANEIRO,DEZEMBRO,57.76121425628662,57.761208057403564,0,268,True,,,MainThread,Playwright
2025-08-03T15:09:49.896509,/consultar-playwright,consulta_sincrona_playwright,2023,2023,JANEIRO,JANEIRO,58.48318386077881,58.48317909240723,0,293,True,,,MainThread,Playwright
2025-08-03T15:10:55.687437,/consultar-playwright,consulta_sincrona_playwright,2023,2023,JUNHO,JUNHO,57.73186683654785,57.731860876083374,0,205,True,,,MainThread,Playwright
2025-08-03T15:12:06.448805,/consultar-playwright,consulta_sincrona_playwright,2023,2023,JANEIRO,MARÇO,70.71610760688782,70.71610045433044,0,0,True,,,MainThread,Playwright
2025-08-03T15:13:11.904451,/consultar-playwright,consulta_sincrona_playwright,2023,2023,ABRIL,JUNHO,57.4222366809845,57.422231674194336,0,225,True,,,MainThread,Playwright
2025-08-03T15:14:18.548634,/consultar-playwright,consulta_sincrona_playwright,2023,2023,JULHO,SETEMBRO,58.59292149543762,58.59291625022888,0,224,True,,,MainThread,Playwright
2025-08-03T15:15:25.028216,/consultar-playwright,consulta_sincrona_playwright,2022,2022,JANEIRO,JUNHO,58.423381090164185,58.42337393760681,0,235,True,,,MainThread,Playwright
2025-08-03T15:16:30.998937,/consultar-playwright,consulta_sincrona_playwright,2022,2022,JULHO,DEZEMBRO,57.908865451812744,57.90885877609253,0,209,True,,,MainThread,Playwright
2025-08-03T15:17:38.116299,/consultar-playwright,consulta_sincrona_playwright,2021,2021,JANEIRO,DEZEMBRO,59.06000852584839,59.06000256538391,0,241,True,,,MainThread,Playwright
2025-08-03T15:18:44.406217,/consultar-playwright,consulta_sincrona_playwright,2020,2020,JANEIRO,DEZEMBRO,58.231141805648804,58.23113226890564,0,268,True,,,MainThread,Playwright
2025-08-03T15:19:51.082442,/consultar-playwright,consulta_sincrona_playwright,2023,2023,JANEIRO,JANEIRO,58.61936640739441,58.619359731674194,0,293,True,,,MainThread,Playwright
2025-08-03T15:20:57.447251,/consultar-playwright,consulta_sincrona_playwright,2023,2023,JUNHO,JUNHO,58.30078625679016,58.300776720047,0,205,True,,,MainThread,Playwright
2025-08-03T15:22:08.437599,/consultar-playwright,consulta_sincrona_playwright,2023,2023,JANEIRO,MARÇO,70.94064402580261,70.94063639640808,0,0,True,,,MainThread,Playwright
2025-08-03T15:23:14.586194,/consultar-playwright,consulta_sincrona_playwright,2023,2023,ABRIL,JUNHO,58.11586880683899,58.115861892700195,0,225,True,,,MainThread,Playwright
2025-08-03T15:24:20.599346,/consultar-playwright,consulta_sincrona_playwright,2023,2023,JULHO,SETEMBRO,57.95909762382507,57.959091663360596,0,224,True,,,MainThread,Playwright
2025-08-03T15:25:26.347197,/consultar-playwright,consulta_sincrona_playwright,2022,2022,JANEIRO,JUNHO,57.694263219833374,57.694257736206055,0,235,True,,,MainThread,Playwright
2025-08-03T15:26:32.900697,/consultar-playwright,consulta_sincrona_playwright,2022,2022,JULHO,DEZEMBRO,58.492082595825195,58.49207401275635,0,209,True,,,MainThread,Playwright
2025-08-03T15:27:40.363522,/consultar-playwright,consulta_sincrona_playwright,2021,2021,JANEIRO,DEZEMBRO,59.40202713012695,59.40202069282532,0,241,True,,,MainThread,Playwright
2025-08-03T15:28:47.697048,/consultar-playwright,consulta_sincrona_playwright,2020,2020,JANEIRO,DEZEMBRO,59.278913497924805,59.27890729904175,0,268,True,,,MainThread,Playwright
2025-08-03T15:29:55.643555,/consultar-playwright,consulta_sincrona_playwright,2023,2023,JANEIRO,JANEIRO,59.88307595252991,59.883068799972534,0,293,True,,,MainThread,Playwright
2025-08-03T15:31:03.510009,/consultar-playwright,consulta_sincrona_playwright,2023,2023,JUNHO,JUNHO,59.80404496192932,59.804038286209106,0,205,True,,,MainThread,Playwright
2025-08-03T15:32:14.898076,/consultar-playwright,consulta_sincrona_playwright,2023,2023,JANEIRO,MARÇO,71.31177020072937,71.31175804138184,0,0,True,,,MainThread,Playwright
2025-08-03T15:33:22.541384,/consultar-playwright,consulta_sincrona_playwright,2023,2023,ABRIL,JUNHO,59.61024761199951,59.61024188995361,0,225,True,,,MainThread,Playwright
2025-08-03T15:34:30.423820,/consultar-playwright,consulta_sincrona_playwright,2023,2023,JULHO,SETEMBRO,59.82616925239563,59.82616138458252,0,224,True,,,MainThread,Playwright
2025-08-03T15:35:38.389796,/consultar-playwright,consulta_sincrona_playwright,2022,2022,JANEIRO,JUNHO,59.90712642669678,59.90712118148804,0,235,True,,,MainThread,Playwright
2025-08-03T15:36:48.765688,/consultar-playwright,consulta_sincrona_playwright,2022,2022,JULHO,DEZEMBRO,62.3222234249115,62.32221603393555,0,209,True,,,MainThread,Playwright
2025-08-03T15:37:55.524559,/consultar-playwright,consulta_sincrona_playwright,2021,2021,JANEIRO,DEZEMBRO,58.701321601867676,58.70130753517151,0,241,True,,,MainThread,Playwright
2025-08-03T15:39:03.465268,/consultar-playwright,consulta_sincrona_playwright,2020,2020,JANEIRO,DEZEMBRO,59.88718628883362,59.8871808052063,0,268,True,,,MainThread,Playwright
2025-08-03T15:40:10.462321,/consultar-playwright,consulta_sincrona_playwright,2023,2023,JANEIRO,JANEIRO,58.93308639526367,58.933080196380615,0,293,True,,,MainThread,Playwright
2025-08-03T15:41:16.100591,/consultar-playwright,consulta_sincrona_playwright,2023,2023,JUNHO,JUNHO,57.58283829689026,57.582831621170044,0,205,True,,,MainThread,Playwright
2025-08-03T15:42:27.984686,/consultar-playwright,consulta_sincrona_playwright,2023,2023,JANEIRO,MARÇO,71.83799815177917,71.83798241615295,0,0,True,,,MainThread,Playwright
2025-08-03T15:43:34.581098,/consultar-playwright,consulta_sincrona_playwright,2023,2023,ABRIL,JUNHO,58.56348538398743,58.563478231430054,0,225,True,,,MainThread,Playwright
2025-08-03T15:44:41.338602,/consultar-playwright,consulta_sincrona_playwright,2023,2023,JULHO,SETEMBRO,58.695669651031494,58.69566249847412,0,224,True,,,MainThread,Playwright
2025-08-03T15:45:47.888832,/consultar-playwright,consulta_sincrona_playwright,2022,2022,JANEIRO,JUNHO,58.492074966430664,58.4920699596405,0,235,True,,,MainThread,Playwright
2025-08-03T15:46:54.783816,/consultar-playwright,consulta_sincrona_playwright,2022,2022,JULHO,DEZEMBRO,58.84100127220154,58.84099578857422,0,209,True,,,MainThread,Playwright
2025-08-03T15:47:59.055571,/consultar-playwright,consulta_sincrona_playwright,2021,2021,JANEIRO,DEZEMBRO,56.22013545036316,56.220128536224365,0,241,True,,,MainThread,Playwright
2025-08-03T15:49:05.128805,/consultar-playwright,consulta_sincrona_playwright,2020,2020,JANEIRO,DEZEMBRO,58.01259255409241,58.01258587837219,0,268,True,,,MainThread,Playwright
2025-08-03T15:50:11.649392,/consultar-playwright,consulta_sincrona_playwright,2023,2023,JANEIRO,JANEIRO,58.4618124961853,58.46180510520935,0,293,True,,,MainThread,Playwright
2025-08-03T15:51:18.436102,/consultar-playwright,consulta_sincrona_playwright,2023,2023,JUNHO,JUNHO,58.72258520126343,58.72258019447327,0,205,True,,,MainThread,Playwright
2025-08-03T15:51:48.515558,/consultar-playwright,consulta_assincrona_inicio_playwright,2020,2023,JANEIRO,DEZEMBRO,0.00012087821960449219,0,0,0,True,,playwright_98123a46_20250803_155148,MainThread,Playwright
2025-08-03T15:52:45.737363,/consultar-playwright,consulta_assincrona_ano_playwright,2020,2020,JANEIRO,DEZEMBRO,57.2008159160614,57.200814723968506,0,268,True,,playwright_98123a46_20250803_155148,MainThread,Playwright
2025-08-03T15:53:42.391078,/consultar-playwright,consulta_assincrona_ano_playwright,2021,2021,JANEIRO,DEZEMBRO,56.63956689834595,56.63956570625305,0,241,True,,playwright_98123a46_20250803_155148,MainThread,Playwright
2025-08-03T15:54:39.367034,/consultar-playwright,consulta_assincrona_ano_playwright,2022,2022,JANEIRO,DEZEMBRO,56.96100926399231,56.96100735664368,0,238,True,,playwright_98123a46_20250803_155148,MainThread,Playwright
2025-08-03T15:55:37.564093,/consultar-playwright,consulta_assincrona_ano_playwright,2023,2023,JANEIRO,DEZEMBRO,58.182008504867554,58.1820068359375,0,306,True,,playwright_98123a46_20250803_155148,MainThread,Playwright
2025-08-03T15:55:37.577193,/consultar-playwright,consulta_assincrona_final_playwright,2020,2023,JANEIRO,DEZEMBRO,229.04584431648254,228.98339462280273,0,1053,True,,playwright_98123a46_20250803_155148,MainThread,Playwright
2025-08-03T16:00:00.758243,/consultar-playwright,consulta_assincrona_inicio_playwright,2020,2023,JANEIRO,DEZEMBRO,8.0108642578125e-05,0,0,0,True,,playwright_5c3cc64c_20250803_160000,MainThread,Playwright
2025-08-03T16:00:58.867254,/consultar-playwright,consulta_assincrona_ano_playwright,2020,2020,JANEIRO,DEZEMBRO,58.089277267456055,58.08927631378174,0,268,True,,playwright_5c3cc64c_20250803_160000,MainThread,Playwright
2025-08-03T16:01:54.242677,/consultar-playwright,consulta_assincrona_ano_playwright,2021,2021,JANEIRO,DEZEMBRO,55.360130071640015,55.36012887954712,0,241,True,,playwright_5c3cc64c_20250803_160000,MainThread,Playwright
2025-08-03T16:02:49.660193,/consultar-playwright,consulta_assincrona_ano_playwright,2022,2022,JANEIRO,DEZEMBRO,55.378989458084106,55.37898874282837,0,238,True,,playwright_5c3cc64c_20250803_160000,MainThread,Playwright
2025-08-03T16:03:43.744550,/consultar-playwright,consulta_assincrona_ano_playwright,2023,2023,JANEIRO,DEZEMBRO,54.0711874961853,54.07118582725525,0,306,True,,playwright_5c3cc64c_20250803_160000,MainThread,Playwright
2025-08-03T16:03:43.755535,/consultar-playwright,consulta_assincrona_final_playwright,2020,2023,JANEIRO,DEZEMBRO,222.98310232162476,222.89957976341248,0,1053,True,,playwright_5c3cc64c_20250803_160000,MainThread,Playwright
2025-08-05T13:01:38.533948,/consultar,consulta_sincrona,2022,2022,JANEIRO,MARÇO,25.94948697090149,25.946685314178467,0.0,45,True,,,MainThread
2025-08-05T13:02:29.927374,/consultar,consulta_assincrona_inicio,2020,2022,JANEIRO,MARÇO,0.0023145675659179688,0.0,0.0,0,True,,abbca481-eabc-48bb-9ccd-3718f4b8dfac,MainThread
2025-08-05T13:03:45.430133,/consultar,consulta_assincrona_ano,2020,2020,JANEIRO,DEZEMBRO,75.33383226394653,75.33383226394653,0.0,32,True,,abbca481-eabc-48bb-9ccd-3718f4b8dfac,Thread-1 (_executar_consulta_sequencial)
2025-08-05T13:04:05.219133,/consultar,consulta_assincrona_ano,2021,2021,JANEIRO,DEZEMBRO,19.78018808364868,19.78018808364868,0.0,63,True,,abbca481-eabc-48bb-9ccd-3718f4b8dfac,Thread-1 (_executar_consulta_sequencial)
2025-08-05T13:04:25.515375,/consultar,consulta_assincrona_ano,2022,2022,JANEIRO,MARÇO,20.28573703765869,20.28573703765869,0.0,45,True,,abbca481-eabc-48bb-9ccd-3718f4b8dfac,Thread-1 (_executar_consulta_sequencial)
2025-08-05T13:04:25.527105,/consultar,consulta_assincrona_final,2020,2022,JANEIRO,MARÇO,115.4287896156311,115.3997573852539,0.0,140,True,,abbca481-eabc-48bb-9ccd-3718f4b8dfac,Thread-1 (_executar_consulta_sequencial)
2025-08-05T13:24:53.040048,/consultar,consulta_assincrona_inicio,2020,2022,JANEIRO,MARÇO,0.00929880142211914,0.0,0.0,0,True,,f101f933-614b-4214-a82b-5ad4088209a6,MainThread
2025-08-05T13:25:15.192589,/consultar,consulta_assincrona_ano,2020,2020,JANEIRO,DEZEMBRO,22.13994336128235,22.13994336128235,0.0,20,True,,f101f933-614b-4214-a82b-5ad4088209a6,Thread-2 (_executar_consulta_sequencial)
2025-08-05T13:25:35.280326,/consultar,consulta_assincrona_ano,2021,2021,JANEIRO,DEZEMBRO,20.078521728515625,20.078521728515625,0.0,36,True,,f101f933-614b-4214-a82b-5ad4088209a6,Thread-2 (_executar_consulta_sequencial)
2025-08-05T13:25:54.756170,/consultar,consulta_assincrona_ano,2022,2022,JANEIRO,MARÇO,19.46641707420349,19.46641707420349,0.0,29,True,,f101f933-614b-4214-a82b-5ad4088209a6,Thread-2 (_executar_consulta_sequencial)
2025-08-05T13:25:54.769312,/consultar,consulta_assincrona_final,2020,2022,JANEIRO,MARÇO,61.712600231170654,61.684882164001465,0.0,85,True,,f101f933-614b-4214-a82b-5ad4088209a6,Thread-2 (_executar_consulta_sequencial)
2025-08-05T13:30:51.381331,/consultar,consulta_assincrona_inicio,2020,2022,JANEIRO,MARÇO,0.0029408931732177734,0.0,0.0,0,True,,729d5b64-cd12-4c4f-831f-f66bb879e45f,MainThread
2025-08-05T13:31:14.904460,/consultar,consulta_assincrona_ano,2020,2020,JANEIRO,DEZEMBRO,23.324683666229248,23.324683666229248,0.0,57,True,,729d5b64-cd12-4c4f-831f-f66bb879e45f,Thread-1 (_executar_consulta_sequencial)
2025-08-05T13:31:14.914472,/consultar,consulta_assincrona_ano,2020,2020,JANEIRO,DEZEMBRO,0.0,0.0,0.0,0,False,'dados',729d5b64-cd12-4c4f-831f-f66bb879e45f,Thread-1 (_executar_consulta_sequencial)
2025-08-05T13:31:34.382643,/consultar,consulta_assincrona_ano,2021,2021,JANEIRO,DEZEMBRO,19.43686532974243,19.43686532974243,0.0,36,True,,729d5b64-cd12-4c4f-831f-f66bb879e45f,Thread-1 (_executar_consulta_sequencial)
2025-08-05T13:31:34.401302,/consultar,consulta_assincrona_ano,2021,2021,JANEIRO,DEZEMBRO,0.0,0.0,0.0,0,False,'dados',729d5b64-cd12-4c4f-831f-f66bb879e45f,Thread-1 (_executar_consulta_sequencial)
2025-08-05T13:35:54.592128,/consultar,consulta_assincrona_inicio,2020,2022,JANEIRO,MARÇO,0.004081249237060547,0.0,0.0,0,True,,f2497b5b-5982-4e38-b726-e90a234d86ab,MainThread
2025-08-05T13:36:14.728825,/consultar,consulta_assincrona_ano,2020,2020,JANEIRO,DEZEMBRO,19.977801084518433,19.977801084518433,0.0,57,True,,f2497b5b-5982-4e38-b726-e90a234d86ab,Thread-1 (_executar_consulta_sequencial)
2025-08-05T13:36:14.738392,/consultar,consulta_assincrona_ano,2020,2020,JANEIRO,DEZEMBRO,0.0,0.0,0.0,0,False,'dados',f2497b5b-5982-4e38-b726-e90a234d86ab,Thread-1 (_executar_consulta_sequencial)
2025-08-05T13:36:34.938406,/consultar,consulta_assincrona_ano,2021,2021,JANEIRO,DEZEMBRO,20.171969652175903,20.171969652175903,0.0,63,True,,f2497b5b-5982-4e38-b726-e90a234d86ab,Thread-1 (_executar_consulta_sequencial)
2025-08-05T13:36:34.946997,/consultar,consulta_assincrona_ano,2021,2021,JANEIRO,DEZEMBRO,0.0,0.0,0.0,0,False,'dados',f2497b5b-5982-4e38-b726-e90a234d86ab,Thread-1 (_executar_consulta_sequencial)
2025-08-05T13:36:54.996617,/consultar,consulta_assincrona_ano,2022,2022,JANEIRO,MARÇO,20.020753383636475,20.020753383636475,0.0,29,True,,f2497b5b-5982-4e38-b726-e90a234d86ab,Thread-1 (_executar_consulta_sequencial)
2025-08-05T13:36:55.005126,/consultar,consulta_assincrona_ano,2022,2022,JANEIRO,MARÇO,0.0,0.0,0.0,0,False,'dados',f2497b5b-5982-4e38-b726-e90a234d86ab,Thread-1 (_executar_consulta_sequencial)
2025-08-05T13:36:55.033253,/consultar,consulta_assincrona_final,2020,2022,JANEIRO,MARÇO,60.27973413467407,60.17052412033081,0.0,149,True,,f2497b5b-5982-4e38-b726-e90a234d86ab,Thread-1 (_executar_consulta_sequencial)
2025-08-05T13:40:14.892034,/consultar,consulta_assincrona_inicio,2020,2022,JANEIRO,MARÇO,0.0034744739532470703,0.0,0.0,0,True,,b91c7b14-c55d-4fc4-83f3-a2fe4f04a63f,MainThread
2025-08-05T13:40:35.692721,/consultar,consulta_assincrona_ano,2020,2020,JANEIRO,DEZEMBRO,20.69532084465027,20.69532084465027,0.0,20,True,,b91c7b14-c55d-4fc4-83f3-a2fe4f04a63f,Thread-1 (_executar_consulta_sequencial)
2025-08-05T13:40:35.703563,/consultar,consulta_assincrona_ano,2020,2020,JANEIRO,DEZEMBRO,0.0,0.0,0.0,0,False,'dados',b91c7b14-c55d-4fc4-83f3-a2fe4f04a63f,Thread-1 (_executar_consulta_sequencial)
2025-08-05T13:40:55.472940,/consultar,consulta_assincrona_ano,2021,2021,JANEIRO,DEZEMBRO,19.743379592895508,19.743379592895508,0.0,36,True,,b91c7b14-c55d-4fc4-83f3-a2fe4f04a63f,Thread-1 (_executar_consulta_sequencial)
2025-08-05T13:40:55.503871,/consultar,consulta_assincrona_ano,2021,2021,JANEIRO,DEZEMBRO,0.0,0.0,0.0,0,False,'dados',b91c7b14-c55d-4fc4-83f3-a2fe4f04a63f,Thread-1 (_executar_consulta_sequencial)
2025-08-05T13:41:16.164747,/consultar,consulta_assincrona_ano,2022,2022,JANEIRO,MARÇO,20.638174057006836,20.638174057006836,0.0,45,True,,b91c7b14-c55d-4fc4-83f3-a2fe4f04a63f,Thread-1 (_executar_consulta_sequencial)
2025-08-05T13:41:16.173787,/consultar,consulta_assincrona_ano,2022,2022,JANEIRO,MARÇO,0.0,0.0,0.0,0,False,'dados',b91c7b14-c55d-4fc4-83f3-a2fe4f04a63f,Thread-1 (_executar_consulta_sequencial)
2025-08-05T13:41:16.201737,/consultar,consulta_assincrona_final,2020,2022,JANEIRO,MARÇO,61.2020959854126,61.07687449455261,0.0,101,True,,b91c7b14-c55d-4fc4-83f3-a2fe4f04a63f,Thread-1 (_executar_consulta_sequencial)
2025-08-05T13:48:40.216170,/consultar,consulta_assincrona_inicio,2020,2022,JANEIRO,MARÇO,0.0026412010192871094,0.0,0.0,0,True,,db2be386-7311-4847-8b9a-424c599fe1ab,MainThread
2025-08-05T13:48:59.159276,/consultar,consulta_assincrona_ano,2020,2020,JANEIRO,DEZEMBRO,18.70043659210205,18.70043659210205,0.0,57,True,,db2be386-7311-4847-8b9a-424c599fe1ab,AnyIO worker thread
2025-08-05T13:49:21.957800,/consultar,consulta_assincrona_ano,2021,2021,JANEIRO,DEZEMBRO,22.788553953170776,22.788553953170776,0.0,63,True,,db2be386-7311-4847-8b9a-424c599fe1ab,AnyIO worker thread
2025-08-05T13:50:37.458464,/consultar,consulta_assincrona_ano,2022,2022,JANEIRO,MARÇO,0.0,0.0,0.0,0,False,"500: ('Connection aborted.', RemoteDisconnected('Remote end closed connection without response'))",db2be386-7311-4847-8b9a-424c599fe1ab,AnyIO worker thread
2025-08-05T13:50:37.467836,/consultar,consulta_assincrona_final,2020,2022,JANEIRO,MARÇO,117.0067765712738,41.48899054527283,0.0,120,True,,db2be386-7311-4847-8b9a-424c599fe1ab,AnyIO worker thread
2025-08-05T13:51:36.553550,/consultar,consulta_assincrona_inicio,2020,2022,JANEIRO,MARÇO,0.04578280448913574,0.0,0.0,0,True,,cc316c85-70a3-41fa-9c4c-1d381ab6d50b,MainThread
2025-08-05T13:51:57.228060,/consultar,consulta_assincrona_ano,2020,2020,JANEIRO,DEZEMBRO,20.564698219299316,20.564698219299316,0.0,57,True,,cc316c85-70a3-41fa-9c4c-1d381ab6d50b,Thread-1 (_executar_consulta_sequencial)
2025-08-05T13:52:18.986682,/consultar,consulta_assincrona_ano,2021,2021,JANEIRO,DEZEMBRO,21.742117404937744,21.742117404937744,0.0,63,True,,cc316c85-70a3-41fa-9c4c-1d381ab6d50b,Thread-1 (_executar_consulta_sequencial)
2025-08-05T13:52:37.774094,/consultar,consulta_assincrona_ano,2022,2022,JANEIRO,MARÇO,18.77463436126709,18.77463436126709,0.0,45,True,,cc316c85-70a3-41fa-9c4c-1d381ab6d50b,Thread-1 (_executar_consulta_sequencial)
2025-08-05T13:52:37.795405,/consultar,consulta_assincrona_final,2020,2022,JANEIRO,MARÇO,61.127856969833374,61.08144998550415,0.0,165,True,,cc316c85-70a3-41fa-9c4c-1d381ab6d50b,Thread-1 (_executar_consulta_sequencial)
2025-08-05T15:04:24.062862,/consultar,consulta_assincrona_inicio,2020,2022,JANEIRO,MARÇO,0.011214971542358398,0.0,0.0,0,True,,0f68d60f-059c-41ac-aee3-aa613af31534,MainThread
2025-08-05T15:04:44.488676,/consultar,consulta_assincrona_ano,2020,2020,JANEIRO,DEZEMBRO,20.35209345817566,20.35209345817566,0.0,20,True,,0f68d60f-059c-41ac-aee3-aa613af31534,Thread-1 (_executar_consulta_sequencial)
2025-08-05T15:05:03.309719,/consultar,consulta_assincrona_ano,2021,2021,JANEIRO,DEZEMBRO,18.812416315078735,18.812416315078735,0.0,36,True,,0f68d60f-059c-41ac-aee3-aa613af31534,Thread-1 (_executar_consulta_sequencial)
2025-08-05T15:05:22.850594,/consultar,consulta_assincrona_ano,2022,2022,JANEIRO,MARÇO,19.530816555023193,19.530816555023193,0.0,15,True,,0f68d60f-059c-41ac-aee3-aa613af31534,Thread-1 (_executar_consulta_sequencial)
2025-08-05T15:05:22.861618,/consultar,consulta_assincrona_final,2020,2022,JANEIRO,MARÇO,58.72274684906006,58.69532632827759,0.0,71,True,,0f68d60f-059c-41ac-aee3-aa613af31534,Thread-1 (_executar_consulta_sequencial)
2025-08-05T15:06:42.294986,/consultar,consulta_assincrona_inicio,2020,2022,JANEIRO,MARÇO,0.01096343994140625,0.0,0.0,0,True,,6c385317-d864-48d7-a6e3-3c4cc2f4b1c6,MainThread
2025-08-05T15:07:01.529208,/consultar,consulta_assincrona_ano,2020,2020,JANEIRO,DEZEMBRO,19.160638570785522,19.160638570785522,0.0,32,True,,6c385317-d864-48d7-a6e3-3c4cc2f4b1c6,Thread-1 (_executar_consulta_sequencial)
2025-08-05T15:07:19.799213,/consultar,consulta_assincrona_ano,2021,2021,JANEIRO,DEZEMBRO,18.26334500312805,18.26334500312805,0.0,63,True,,6c385317-d864-48d7-a6e3-3c4cc2f4b1c6,Thread-1 (_executar_consulta_sequencial)
2025-08-05T15:07:36.451698,/consultar,consulta_assincrona_ano,2022,2022,JANEIRO,MARÇO,16.645424127578735,16.645424127578735,0.0,45,True,,6c385317-d864-48d7-a6e3-3c4cc2f4b1c6,Thread-1 (_executar_consulta_sequencial)
2025-08-05T15:07:36.461490,/consultar,consulta_assincrona_final,2020,2022,JANEIRO,MARÇO,54.091036319732666,54.06940770149231,0.0,140,True,,6c385317-d864-48d7-a6e3-3c4cc2f4b1c6,Thread-1 (_executar_consulta_sequencial)
2025-08-05T15:15:08.545111,/consultar,consulta_assincrona_inicio,2020,2022,JANEIRO,MARÇO,0.003115415573120117,0.0,0.0,0,True,,538ff033-82de-4280-b994-3d11e9ddf2a2,MainThread
2025-08-05T15:15:27.403593,/consultar,consulta_assincrona_ano,2020,2020,JANEIRO,DEZEMBRO,18.850488424301147,18.850488424301147,0.0,57,True,,538ff033-82de-4280-b994-3d11e9ddf2a2,Thread-2 (_executar_consulta_sequencial)
2025-08-05T15:15:46.483924,/consultar,consulta_assincrona_ano,2021,2021,JANEIRO,DEZEMBRO,19.067353010177612,19.067353010177612,0.0,63,True,,538ff033-82de-4280-b994-3d11e9ddf2a2,Thread-2 (_executar_consulta_sequencial)
2025-08-05T15:16:05.678155,/consultar,consulta_assincrona_ano,2022,2022,JANEIRO,MARÇO,19.18613028526306,19.18613028526306,0.0,29,True,,538ff033-82de-4280-b994-3d11e9ddf2a2,Thread-2 (_executar_consulta_sequencial)
2025-08-05T15:16:05.687569,/consultar,consulta_assincrona_final,2020,2022,JANEIRO,MARÇO,57.132561683654785,57.10397171974182,0.0,149,True,,538ff033-82de-4280-b994-3d11e9ddf2a2,Thread-2 (_executar_consulta_sequencial)
2025-08-05T15:16:33.397270,/consultar,consulta_assincrona_inicio,2020,2022,JANEIRO,MARÇO,0.0017936229705810547,0.0,0.0,0,True,,8ccfe902-262f-42d7-8512-206950f58d9b,MainThread
2025-08-05T15:16:52.888273,/consultar,consulta_assincrona_ano,2020,2020,JANEIRO,DEZEMBRO,19.48338556289673,19.48338556289673,0.0,57,True,,8ccfe902-262f-42d7-8512-206950f58d9b,Thread-3 (_executar_consulta_sequencial)
2025-08-05T15:17:09.315096,/consultar,consulta_assincrona_ano,2021,2021,JANEIRO,DEZEMBRO,16.417333602905273,16.417333602905273,0.0,63,True,,8ccfe902-262f-42d7-8512-206950f58d9b,Thread-3 (_executar_consulta_sequencial)
2025-08-05T15:17:27.719693,/consultar,consulta_assincrona_ano,2022,2022,JANEIRO,MARÇO,18.397119283676147,18.397119283676147,0.0,45,True,,8ccfe902-262f-42d7-8512-206950f58d9b,Thread-3 (_executar_consulta_sequencial)
2025-08-05T15:17:27.728887,/consultar,consulta_assincrona_final,2020,2022,JANEIRO,MARÇO,54.321996450424194,54.29783844947815,0.0,165,True,,8ccfe902-262f-42d7-8512-206950f58d9b,Thread-3 (_executar_consulta_sequencial)
2025-08-05T15:23:26.825767,/consultar,consulta_assincrona_inicio,2020,2021,JANEIRO,MARÇO,0.00281524658203125,0.0,0.0,0,True,,265eb2e2-011b-4696-8b97-dc18f4eb5569,MainThread
2025-08-05T15:23:47.493775,/consultar,consulta_assincrona_ano,2020,2020,JANEIRO,DEZEMBRO,20.65961480140686,20.65961480140686,0.0,57,True,,265eb2e2-011b-4696-8b97-dc18f4eb5569,Thread-4 (_executar_consulta_sequencial)
2025-08-05T15:23:55.048710,/consultar,consulta_assincrona_inicio,2020,2021,JANEIRO,MARÇO,0.0018742084503173828,0.0,0.0,0,True,,cc39a320-2ca3-48af-9ba2-94491a15af83,MainThread
2025-08-05T15:24:04.772170,/consultar,consulta_assincrona_ano,2021,2021,JANEIRO,MARÇO,17.27115797996521,17.27115797996521,0.0,0,True,,265eb2e2-011b-4696-8b97-dc18f4eb5569,Thread-4 (_executar_consulta_sequencial)
2025-08-05T15:24:04.781144,/consultar,consulta_assincrona_ano,2021,2021,JANEIRO,MARÇO,0.0,0.0,0.0,0,False,object of type 'NoneType' has no len(),265eb2e2-011b-4696-8b97-dc18f4eb5569,Thread-4 (_executar_consulta_sequencial)
2025-08-05T15:24:04.802633,/consultar,consulta_assincrona_final,2020,2021,JANEIRO,MARÇO,37.96661043167114,37.93077278137207,0.0,57,True,,265eb2e2-011b-4696-8b97-dc18f4eb5569,Thread-4 (_executar_consulta_sequencial)
2025-08-05T15:24:10.481262,/consultar,consulta_assincrona_ano,2020,2020,JANEIRO,DEZEMBRO,15.424779891967773,15.424779891967773,0.0,0,True,,cc39a320-2ca3-48af-9ba2-94491a15af83,Thread-5 (_executar_consulta_sequencial)
2025-08-05T15:24:10.489805,/consultar,consulta_assincrona_ano,2020,2020,JANEIRO,DEZEMBRO,0.0,0.0,0.0,0,False,object of type 'NoneType' has no len(),cc39a320-2ca3-48af-9ba2-94491a15af83,Thread-5 (_executar_consulta_sequencial)
2025-08-05T15:24:29.022744,/consultar,consulta_assincrona_ano,2021,2021,JANEIRO,MARÇO,18.512441158294678,18.512441158294678,0.0,50,True,,cc39a320-2ca3-48af-9ba2-94491a15af83,Thread-5 (_executar_consulta_sequencial)
2025-08-05T15:24:29.032126,/consultar,consulta_assincrona_final,2020,2021,JANEIRO,MARÇO,33.97407054901123,33.93722105026245,0.0,50,True,,cc39a320-2ca3-48af-9ba2-94491a15af83,Thread-5 (_executar_consulta_sequencial)
2025-08-06T10:28:38.607416,/consultar,consulta_assincrona_inicio,2020,2021,1,3,0.010927200317382812,0.0,0.0,0,True,,a5f4dba6-805b-4959-8847-9f669ff4a60c,MainThread
2025-08-06T10:29:00.518258,/consultar,consulta_assincrona_final,2020,2021,1,3,21.77377700805664,0.0,0.0,0,False,PerformanceTracker.criar_metrica() got an unexpected keyword argument 'periodo',a5f4dba6-805b-4959-8847-9f669ff4a60c,Thread-1 (_executar_consulta_por_periodos)
2025-08-06T10:33:27.144523,/consultar,consulta_assincrona_inicio,2020,2021,1,3,0.015544652938842773,0.0,0.0,0,True,,037d9ddd-449a-49f8-95c9-8833d98bc90c,MainThread
2025-08-06T10:33:44.512877,/consultar,consulta_assincrona_periodo,2020,2020,1,1,17.25665545463562,17.25665545463562,0.0,2,True,,037d9ddd-449a-49f8-95c9-8833d98bc90c,Thread-1 (_executar_consulta_por_periodos)
2025-08-06T10:34:02.348736,/consultar,consulta_assincrona_periodo,2020,2020,2,2,17.82425808906555,17.82425808906555,0.0,2,True,,037d9ddd-449a-49f8-95c9-8833d98bc90c,Thread-1 (_executar_consulta_por_periodos)
2025-08-06T10:34:20.486301,/consultar,consulta_assincrona_periodo,2020,2020,3,3,18.127980709075928,18.127980709075928,0.0,2,True,,037d9ddd-449a-49f8-95c9-8833d98bc90c,Thread-1 (_executar_consulta_por_periodos)
2025-08-06T10:34:38.953100,/consultar,consulta_assincrona_periodo,2020,2020,4,4,18.456461668014526,18.456461668014526,0.0,2,True,,037d9ddd-449a-49f8-95c9-8833d98bc90c,Thread-1 (_executar_consulta_por_periodos)
2025-08-06T10:34:56.466706,/consultar,consulta_assincrona_periodo,2020,2020,5,5,17.499329566955566,17.499329566955566,0.0,2,True,,037d9ddd-449a-49f8-95c9-8833d98bc90c,Thread-1 (_executar_consulta_por_periodos)
2025-08-06T10:35:14.488565,/consultar,consulta_assincrona_periodo,2020,2020,6,6,18.011269569396973,18.011269569396973,0.0,2,True,,037d9ddd-449a-49f8-95c9-8833d98bc90c,Thread-1 (_executar_consulta_por_periodos)
2025-08-06T10:35:32.641920,/consultar,consulta_assincrona_periodo,2020,2020,7,7,18.13302516937256,18.13302516937256,0.0,2,True,,037d9ddd-449a-49f8-95c9-8833d98bc90c,Thread-1 (_executar_consulta_por_periodos)
2025-08-06T10:35:50.660125,/consultar,consulta_assincrona_periodo,2020,2020,8,8,18.004546403884888,18.004546403884888,0.0,2,True,,037d9ddd-449a-49f8-95c9-8833d98bc90c,Thread-1 (_executar_consulta_por_periodos)
2025-08-06T10:36:08.644960,/consultar,consulta_assincrona_periodo,2020,2020,9,9,17.974528074264526,17.974528074264526,0.0,2,True,,037d9ddd-449a-49f8-95c9-8833d98bc90c,Thread-1 (_executar_consulta_por_periodos)
2025-08-06T10:36:26.432901,/consultar,consulta_assincrona_periodo,2020,2020,10,10,17.77736759185791,17.77736759185791,0.0,2,True,,037d9ddd-449a-49f8-95c9-8833d98bc90c,Thread-1 (_executar_consulta_por_periodos)
2025-08-06T10:36:44.354122,/consultar,consulta_assincrona_periodo,2020,2020,11,11,17.91224503517151,17.91224503517151,0.0,2,True,,037d9ddd-449a-49f8-95c9-8833d98bc90c,Thread-1 (_executar_consulta_por_periodos)
2025-08-06T10:37:02.252923,/consultar,consulta_assincrona_periodo,2020,2020,12,12,17.88945960998535,17.88945960998535,0.0,2,True,,037d9ddd-449a-49f8-95c9-8833d98bc90c,Thread-1 (_executar_consulta_por_periodos)
2025-08-06T10:37:20.224135,/consultar,consulta_assincrona_periodo,2021,2021,1,1,17.96140480041504,17.96140480041504,0.0,33,True,,037d9ddd-449a-49f8-95c9-8833d98bc90c,Thread-1 (_executar_consulta_por_periodos)
2025-08-06T10:37:38.385834,/consultar,consulta_assincrona_periodo,2021,2021,2,2,18.152806043624878,18.152806043624878,0.0,33,True,,037d9ddd-449a-49f8-95c9-8833d98bc90c,Thread-1 (_executar_consulta_por_periodos)
2025-08-06T10:37:56.517216,/consultar,consulta_assincrona_periodo,2021,2021,3,3,18.122404098510742,18.122404098510742,0.0,50,True,,037d9ddd-449a-49f8-95c9-8833d98bc90c,Thread-1 (_executar_consulta_por_periodos)
2025-08-06T10:37:56.529168,/consultar,consulta_assincrona_final,2020,2021,1,3,269.27097749710083,269.10374188423157,0.0,140,True,,037d9ddd-449a-49f8-95c9-8833d98bc90c,Thread-1 (_executar_consulta_por_periodos)
2025-08-06T10:42:29.128224,/consultar,consulta_assincrona_inicio,2020,2021,1,3,0.004647493362426758,0.0,0.0,0,True,,a166f1da-830f-4858-9745-4908ac61daee,MainThread
2025-08-06T10:42:34.720637,/consultar,consulta_assincrona_inicio,2019,2021,1,3,0.0029299259185791016,0.0,0.0,0,True,,49d26ad5-df7f-48af-a8f4-709211c550fa,MainThread
2025-08-06T10:42:47.290478,/consultar,consulta_assincrona_periodo,2020,2020,1,1,18.147643089294434,18.147643089294434,0.0,0,True,,a166f1da-830f-4858-9745-4908ac61daee,Thread-2 (_executar_consulta_por_periodos)
2025-08-06T10:42:47.299212,/consultar,consulta_assincrona_periodo,2020,2020,1,1,0.0,0.0,0.0,0,False,object of type 'NoneType' has no len(),a166f1da-830f-4858-9745-4908ac61daee,Thread-2 (_executar_consulta_por_periodos)
2025-08-06T10:43:01.651320,/consultar,consulta_assincrona_periodo,2019,2019,1,1,26.919053554534912,26.919053554534912,0.0,2,True,,49d26ad5-df7f-48af-a8f4-709211c550fa,Thread-3 (_executar_consulta_por_periodos)
2025-08-06T10:43:02.865756,/consultar,consulta_assincrona_periodo,2020,2020,2,2,15.54600715637207,15.54600715637207,0.0,0,True,,a166f1da-830f-4858-9745-4908ac61daee,Thread-2 (_executar_consulta_por_periodos)
2025-08-06T10:43:02.879307,/consultar,consulta_assincrona_periodo,2020,2020,2,2,0.0,0.0,0.0,0,False,object of type 'NoneType' has no len(),a166f1da-830f-4858-9745-4908ac61daee,Thread-2 (_executar_consulta_por_periodos)
2025-08-06T10:43:02.883340,/consultar,consulta_assincrona_periodo,2019,2019,2,2,0.0,0.0,0.0,0,False,"500: ('Connection aborted.', RemoteDisconnected('Remote end closed connection without response'))",49d26ad5-df7f-48af-a8f4-709211c550fa,Thread-3 (_executar_consulta_por_periodos)
2025-08-06T10:43:28.598322,/consultar,consulta_assincrona_periodo,2019,2019,3,3,25.678799629211426,25.678799629211426,0.0,0,True,,49d26ad5-df7f-48af-a8f4-709211c550fa,Thread-3 (_executar_consulta_por_periodos)
2025-08-06T10:43:28.606407,/consultar,consulta_assincrona_periodo,2019,2019,3,3,0.0,0.0,0.0,0,False,object of type 'NoneType' has no len(),49d26ad5-df7f-48af-a8f4-709211c550fa,Thread-3 (_executar_consulta_por_periodos)
2025-08-06T10:43:47.180900,/consultar,consulta_assincrona_periodo,2019,2019,4,4,18.555443286895752,18.555443286895752,0.0,33,True,,49d26ad5-df7f-48af-a8f4-709211c550fa,Thread-3 (_executar_consulta_por_periodos)
2025-08-06T10:44:06.363554,/consultar,consulta_assincrona_periodo,2019,2019,5,5,19.14993405342102,19.14993405342102,0.0,51,True,,49d26ad5-df7f-48af-a8f4-709211c550fa,Thread-3 (_executar_consulta_por_periodos)
2025-08-06T10:44:24.693892,/consultar,consulta_assincrona_periodo,2019,2019,6,6,18.319993257522583,18.319993257522583,0.0,51,True,,49d26ad5-df7f-48af-a8f4-709211c550fa,Thread-3 (_executar_consulta_por_periodos)
2025-08-06T10:44:28.680221,/consultar,consulta_assincrona_periodo,2020,2020,3,3,85.78361129760742,85.78361129760742,0.0,0,True,,a166f1da-830f-4858-9745-4908ac61daee,Thread-2 (_executar_consulta_por_periodos)
2025-08-06T10:44:28.688640,/consultar,consulta_assincrona_periodo,2020,2020,3,3,0.0,0.0,0.0,0,False,object of type 'NoneType' has no len(),a166f1da-830f-4858-9745-4908ac61daee,Thread-2 (_executar_consulta_por_periodos)
2025-08-06T10:44:41.271886,/consultar,consulta_assincrona_periodo,2019,2019,7,7,16.56748104095459,16.56748104095459,0.0,0,True,,49d26ad5-df7f-48af-a8f4-709211c550fa,Thread-3 (_executar_consulta_por_periodos)
2025-08-06T10:44:41.279674,/consultar,consulta_assincrona_periodo,2019,2019,7,7,0.0,0.0,0.0,0,False,object of type 'NoneType' has no len(),49d26ad5-df7f-48af-a8f4-709211c550fa,Thread-3 (_executar_consulta_por_periodos)
2025-08-06T10:44:55.330577,/consultar,consulta_assincrona_periodo,2020,2020,4,4,26.608355045318604,26.608355045318604,0.0,33,True,,a166f1da-830f-4858-9745-4908ac61daee,Thread-2 (_executar_consulta_por_periodos)
2025-08-06T10:44:58.114821,/consultar,consulta_assincrona_periodo,2019,2019,8,8,16.814521312713623,16.814521312713623,0.0,0,True,,49d26ad5-df7f-48af-a8f4-709211c550fa,Thread-3 (_executar_consulta_por_periodos)
2025-08-06T10:44:58.122452,/consultar,consulta_assincrona_periodo,2019,2019,8,8,0.0,0.0,0.0,0,False,object of type 'NoneType' has no len(),49d26ad5-df7f-48af-a8f4-709211c550fa,Thread-3 (_executar_consulta_por_periodos)
2025-08-06T10:54:15.840780,/consultar,consulta_assincrona_inicio,2019,2021,1,3,0.01322627067565918,0.0,0.0,0,True,,af705fec-d506-48b4-8e70-c97b01c23e06,MainThread
2025-08-06T10:54:26.503191,/consultar,consulta_assincrona_inicio,2020,2021,1,3,0.003451824188232422,0.0,0.0,0,True,,5045658f-e3dd-4569-8e4c-83491d1d9e09,MainThread
2025-08-06T10:54:36.127809,/consultar,consulta_assincrona_periodo,2019,2019,1,1,20.170659065246582,20.170659065246582,0.0,51,True,,af705fec-d506-48b4-8e70-c97b01c23e06,ScraperThread_0
2025-08-06T10:54:44.772716,/consultar,consulta_assincrona_periodo,2020,2020,1,1,18.258337259292603,18.258337259292603,0.0,2,True,,5045658f-e3dd-4569-8e4c-83491d1d9e09,ScraperThread_1
2025-08-06T10:54:54.539358,/consultar,consulta_assincrona_periodo,2019,2019,2,2,18.400758981704712,18.400758981704712,0.0,51,True,,af705fec-d506-48b4-8e70-c97b01c23e06,ScraperThread_0
2025-08-06T10:55:03.471102,/consultar,consulta_assincrona_periodo,2020,2020,2,2,18.64959955215454,18.64959955215454,0.0,2,True,,5045658f-e3dd-4569-8e4c-83491d1d9e09,ScraperThread_1
2025-08-06T10:55:12.723248,/consultar,consulta_assincrona_periodo,2019,2019,3,3,18.17149567604065,18.17149567604065,0.0,33,True,,af705fec-d506-48b4-8e70-c97b01c23e06,ScraperThread_0
2025-08-06T10:55:21.697266,/consultar,consulta_assincrona_periodo,2020,2020,3,3,18.21285343170166,18.21285343170166,0.0,2,True,,5045658f-e3dd-4569-8e4c-83491d1d9e09,ScraperThread_1
2025-08-06T10:55:27.902790,/consultar,consulta_sincrona,2021,2021,1,3,54.28311371803284,54.28111982345581,0.0,150,True,,,MainThread
2025-08-06T10:55:30.847459,/consultar,consulta_assincrona_periodo,2019,2019,4,4,18.111066102981567,18.111066102981567,0.0,51,True,,af705fec-d506-48b4-8e70-c97b01c23e06,ScraperThread_0
2025-08-06T10:55:39.778877,/consultar,consulta_assincrona_periodo,2020,2020,4,4,18.068666219711304,18.068666219711304,0.0,2,True,,5045658f-e3dd-4569-8e4c-83491d1d9e09,ScraperThread_1
2025-08-06T10:55:48.797154,/consultar,consulta_assincrona_periodo,2019,2019,5,5,17.940290212631226,17.940290212631226,0.0,51,True,,af705fec-d506-48b4-8e70-c97b01c23e06,ScraperThread_0
2025-08-06T10:55:57.710300,/consultar,consulta_assincrona_periodo,2020,2020,5,5,17.908729553222656,17.908729553222656,0.0,2,True,,5045658f-e3dd-4569-8e4c-83491d1d9e09,ScraperThread_1
2025-08-06T10:56:07.084384,/consultar,consulta_assincrona_periodo,2019,2019,6,6,18.27685832977295,18.27685832977295,0.0,51,True,,af705fec-d506-48b4-8e70-c97b01c23e06,ScraperThread_0
2025-08-06T10:56:15.353453,/consultar,consulta_assincrona_periodo,2020,2020,6,6,17.6329562664032,17.6329562664032,0.0,2,True,,5045658f-e3dd-4569-8e4c-83491d1d9e09,ScraperThread_1
2025-08-06T10:56:25.179801,/consultar,consulta_assincrona_periodo,2019,2019,7,7,18.083254098892212,18.083254098892212,0.0,33,True,,af705fec-d506-48b4-8e70-c97b01c23e06,ScraperThread_0
2025-08-06T10:56:33.056701,/consultar,consulta_assincrona_periodo,2020,2020,7,7,17.6950421333313,17.6950421333313,0.0,2,True,,5045658f-e3dd-4569-8e4c-83491d1d9e09,ScraperThread_1
2025-08-06T10:56:43.190991,/consultar,consulta_assincrona_periodo,2019,2019,8,8,17.99941110610962,17.99941110610962,0.0,51,True,,af705fec-d506-48b4-8e70-c97b01c23e06,ScraperThread_0
2025-08-06T10:56:50.662815,/consultar,consulta_assincrona_periodo,2020,2020,8,8,17.5956814289093,17.5956814289093,0.0,2,True,,5045658f-e3dd-4569-8e4c-83491d1d9e09,ScraperThread_1
2025-08-06T10:57:01.512698,/consultar,consulta_assincrona_periodo,2019,2019,9,9,18.299953937530518,18.299953937530518,0.0,51,True,,af705fec-d506-48b4-8e70-c97b01c23e06,ScraperThread_0
2025-08-06T10:57:08.654496,/consultar,consulta_assincrona_periodo,2020,2020,9,9,17.971044778823853,17.971044778823853,0.0,2,True,,5045658f-e3dd-4569-8e4c-83491d1d9e09,ScraperThread_1
2025-08-06T10:57:19.662435,/consultar,consulta_assincrona_periodo,2019,2019,10,10,18.140311241149902,18.140311241149902,0.0,33,True,,af705fec-d506-48b4-8e70-c97b01c23e06,ScraperThread_0
2025-08-06T10:57:25.963747,/consultar,consulta_assincrona_periodo,2020,2020,10,10,17.295790910720825,17.295790910720825,0.0,2,True,,5045658f-e3dd-4569-8e4c-83491d1d9e09,ScraperThread_1
2025-08-06T10:57:37.770942,/consultar,consulta_assincrona_periodo,2019,2019,11,11,18.099283933639526,18.099283933639526,0.0,51,True,,af705fec-d506-48b4-8e70-c97b01c23e06,ScraperThread_0
2025-08-06T10:57:43.700701,/consultar,consulta_assincrona_periodo,2020,2020,11,11,17.72731614112854,17.72731614112854,0.0,2,True,,5045658f-e3dd-4569-8e4c-83491d1d9e09,ScraperThread_1
2025-08-06T10:57:53.551621,/consultar,consulta_assincrona_periodo,2019,2019,12,12,15.759560108184814,15.759560108184814,0.0,51,True,,af705fec-d506-48b4-8e70-c97b01c23e06,ScraperThread_0
2025-08-06T10:57:57.680909,/consultar,consulta_assincrona_inicio,2020,2021,1,3,0.005374908447265625,0.0,0.0,0,True,,1698dddb-e239-44d3-8059-7da7f617344a,MainThread
2025-08-06T10:57:59.138178,/consultar,consulta_assincrona_periodo,2020,2020,12,12,15.42846155166626,15.42846155166626,0.0,2,True,,5045658f-e3dd-4569-8e4c-83491d1d9e09,ScraperThread_1
2025-08-06T10:58:11.442652,/consultar,consulta_assincrona_periodo,2020,2020,1,1,17.8803768157959,17.8803768157959,0.0,2,True,,af705fec-d506-48b4-8e70-c97b01c23e06,ScraperThread_0
2025-08-06T10:58:15.610519,/consultar,consulta_assincrona_periodo,2020,2020,1,1,17.9099063873291,17.9099063873291,0.0,2,True,,1698dddb-e239-44d3-8059-7da7f617344a,ScraperThread_2
2025-08-06T10:58:17.460552,/consultar,consulta_assincrona_periodo,2021,2021,1,1,18.308168411254883,18.308168411254883,0.0,50,True,,5045658f-e3dd-4569-8e4c-83491d1d9e09,ScraperThread_1
2025-08-06T10:58:29.782832,/consultar,consulta_assincrona_periodo,2020,2020,2,2,18.328789234161377,18.328789234161377,0.0,2,True,,af705fec-d506-48b4-8e70-c97b01c23e06,ScraperThread_0
2025-08-06T10:58:33.803831,/consultar,consulta_assincrona_periodo,2020,2020,2,2,18.183156728744507,18.183156728744507,0.0,2,True,,1698dddb-e239-44d3-8059-7da7f617344a,ScraperThread_2
2025-08-06T10:58:35.676167,/consultar,consulta_assincrona_periodo,2021,2021,2,2,18.17231273651123,18.17231273651123,0.0,33,True,,5045658f-e3dd-4569-8e4c-83491d1d9e09,ScraperThread_1
2025-08-06T10:58:48.253740,/consultar,consulta_assincrona_periodo,2020,2020,3,3,18.458820819854736,18.458820819854736,0.0,2,True,,af705fec-d506-48b4-8e70-c97b01c23e06,ScraperThread_0
2025-08-06T10:58:52.134437,/consultar,consulta_assincrona_periodo,2020,2020,3,3,18.317872524261475,18.317872524261475,0.0,2,True,,1698dddb-e239-44d3-8059-7da7f617344a,ScraperThread_2
2025-08-06T10:58:53.913477,/consultar,consulta_assincrona_periodo,2021,2021,3,3,18.223495721817017,18.223495721817017,0.0,50,True,,5045658f-e3dd-4569-8e4c-83491d1d9e09,ScraperThread_1
2025-08-06T10:58:53.927429,/consultar,consulta_assincrona_final,2020,2021,1,3,267.4138512611389,267.14845609664917,0.0,157,True,,5045658f-e3dd-4569-8e4c-83491d1d9e09,ScraperThread_1
2025-08-06T10:59:06.146093,/consultar,consulta_assincrona_periodo,2020,2020,4,4,17.88253927230835,17.88253927230835,0.0,2,True,,af705fec-d506-48b4-8e70-c97b01c23e06,ScraperThread_0
2025-08-06T10:59:10.492376,/consultar,consulta_assincrona_periodo,2020,2020,4,4,18.346955060958862,18.346955060958862,0.0,2,True,,1698dddb-e239-44d3-8059-7da7f617344a,ScraperThread_2
2025-08-06T10:59:23.373164,/consultar,consulta_assincrona_periodo,2020,2020,5,5,17.21126890182495,17.21126890182495,0.0,2,True,,af705fec-d506-48b4-8e70-c97b01c23e06,ScraperThread_0
2025-08-06T10:59:28.326158,/consultar,consulta_assincrona_periodo,2020,2020,5,5,17.82552719116211,17.82552719116211,0.0,2,True,,1698dddb-e239-44d3-8059-7da7f617344a,ScraperThread_2
2025-08-06T10:59:41.305443,/consultar,consulta_assincrona_periodo,2020,2020,6,6,17.91239023208618,17.91239023208618,0.0,2,True,,af705fec-d506-48b4-8e70-c97b01c23e06,ScraperThread_0
2025-08-06T10:59:46.034380,/consultar,consulta_assincrona_periodo,2020,2020,6,6,17.697171449661255,17.697171449661255,0.0,2,True,,1698dddb-e239-44d3-8059-7da7f617344a,ScraperThread_2
2025-08-06T10:59:59.346336,/consultar,consulta_assincrona_periodo,2020,2020,7,7,18.027729034423828,18.027729034423828,0.0,2,True,,af705fec-d506-48b4-8e70-c97b01c23e06,ScraperThread_0
2025-08-06T11:00:03.292603,/consultar,consulta_assincrona_periodo,2020,2020,7,7,17.24241590499878,17.24241590499878,0.0,2,True,,1698dddb-e239-44d3-8059-7da7f617344a,ScraperThread_2
2025-08-06T11:00:17.124339,/consultar,consulta_assincrona_periodo,2020,2020,8,8,17.75736713409424,17.75736713409424,0.0,2,True,,af705fec-d506-48b4-8e70-c97b01c23e06,ScraperThread_0
2025-08-06T11:00:21.129829,/consultar,consulta_assincrona_periodo,2020,2020,8,8,17.82856011390686,17.82856011390686,0.0,2,True,,1698dddb-e239-44d3-8059-7da7f617344a,ScraperThread_2
2025-08-06T11:00:35.261294,/consultar,consulta_assincrona_periodo,2020,2020,9,9,18.126999139785767,18.126999139785767,0.0,2,True,,af705fec-d506-48b4-8e70-c97b01c23e06,ScraperThread_0
2025-08-06T11:00:38.802312,/consultar,consulta_assincrona_periodo,2020,2020,9,9,17.66201162338257,17.66201162338257,0.0,2,True,,1698dddb-e239-44d3-8059-7da7f617344a,ScraperThread_2
2025-08-06T11:00:53.105093,/consultar,consulta_assincrona_periodo,2020,2020,10,10,17.82878041267395,17.82878041267395,0.0,2,True,,af705fec-d506-48b4-8e70-c97b01c23e06,ScraperThread_0
2025-08-06T11:00:56.812801,/consultar,consulta_assincrona_periodo,2020,2020,10,10,17.999906539916992,17.999906539916992,0.0,2,True,,1698dddb-e239-44d3-8059-7da7f617344a,ScraperThread_2
2025-08-06T11:01:10.784814,/consultar,consulta_assincrona_periodo,2020,2020,11,11,17.66584038734436,17.66584038734436,0.0,2,True,,af705fec-d506-48b4-8e70-c97b01c23e06,ScraperThread_0
2025-08-06T11:01:14.594909,/consultar,consulta_assincrona_periodo,2020,2020,11,11,17.77232074737549,17.77232074737549,0.0,2,True,,1698dddb-e239-44d3-8059-7da7f617344a,ScraperThread_2
2025-08-06T11:01:28.698035,/consultar,consulta_assincrona_periodo,2020,2020,12,12,17.901105642318726,17.901105642318726,0.0,2,True,,af705fec-d506-48b4-8e70-c97b01c23e06,ScraperThread_0
2025-08-06T11:01:31.758112,/consultar,consulta_assincrona_periodo,2020,2020,12,12,17.15210771560669,17.15210771560669,0.0,2,True,,1698dddb-e239-44d3-8059-7da7f617344a,ScraperThread_2
2025-08-06T11:01:46.809311,/consultar,consulta_assincrona_periodo,2021,2021,1,1,18.101900100708008,18.101900100708008,0.0,33,True,,af705fec-d506-48b4-8e70-c97b01c23e06,ScraperThread_0
2025-08-06T11:01:49.711661,/consultar,consulta_assincrona_periodo,2021,2021,1,1,17.944613933563232,17.944613933563232,0.0,33,True,,1698dddb-e239-44d3-8059-7da7f617344a,ScraperThread_2
2025-08-06T11:02:04.598333,/consultar,consulta_assincrona_periodo,2021,2021,2,2,17.77873921394348,17.77873921394348,0.0,33,True,,af705fec-d506-48b4-8e70-c97b01c23e06,ScraperThread_0
2025-08-06T11:02:07.519493,/consultar,consulta_assincrona_periodo,2021,2021,2,2,17.79770827293396,17.79770827293396,0.0,33,True,,1698dddb-e239-44d3-8059-7da7f617344a,ScraperThread_2
2025-08-06T11:02:22.491626,/consultar,consulta_assincrona_periodo,2021,2021,3,3,17.882063388824463,17.882063388824463,0.0,33,True,,af705fec-d506-48b4-8e70-c97b01c23e06,ScraperThread_0
2025-08-06T11:02:22.507532,/consultar,consulta_assincrona_final,2019,2021,1,3,486.55099296569824,486.1976125240326,0.0,681,True,,af705fec-d506-48b4-8e70-c97b01c23e06,ScraperThread_0
2025-08-06T11:02:25.158261,/consultar,consulta_assincrona_periodo,2021,2021,3,3,17.62933850288391,17.62933850288391,0.0,50,True,,1698dddb-e239-44d3-8059-7da7f617344a,ScraperThread_2
2025-08-06T11:02:25.170774,/consultar,consulta_assincrona_final,2020,2021,1,3,267.47349286079407,267.3095726966858,0.0,140,True,,1698dddb-e239-44d3-8059-7da7f617344a,ScraperThread_2
